{"r1": 0.5099999999999999, "r2": 0.5099999999999999, "theta": 89.55, "sequence": [[[0.44884194814270517, 0.1274903016101393], [0.1274903016101393, 0.19185082632472608]], [[0.22986503121555482, 0.08479225023799407, 0.0847922502379941, 0.0008892498863126465], [0.08479225023799407, 0.1638339911581477, -0.02123506524854782, -0.0004192014832894316], [0.0847922502379941, -0.02123506524854782, 0.1638339911581476, -0.00041920148328925374], [0.0008892498863126465, -0.0004192014832894316, -0.00041920148328925374, 0.059788372428852106]], [[0.11665731472249295, 0.046403221464068445, 0.04640322146406848, 0.009726205662925268, 0.04640322146406846, 0.009726205662925263, 0.009726205662925296, -0.0036734558418694283], [0.046403221464068445, 0.08652501374476708, 0.0034824665462210897, 0.014302698070815524, 0.003482466567085651, 0.014302698063907823, -0.00928083702391604, -0.003755444588555787], [0.04640322146406848, 0.0034824665462210897, 0.08652501371868022, 0.014302698080720327, 0.0034824665931725155, -0.009280837033820788, 0.014302698063907817, -0.003755444588555673], [0.009726205662925268, 0.014302698070815524, 0.014302698080720327, 0.031155977079446034, -0.009280837040728568, -0.004347588306214622, -0.004347588312647074, 0.004098790032636708], [0.04640322146406846, 0.003482466567085651, 0.0034824665931725155, -0.009280837040728568, 0.08652501369781589, 0.014302698080720173, 0.014302698070815554, -0.0037554445885558756], [0.009726205662925263, 0.014302698063907823, -0.009280837033820788, -0.004347588306214622, 0.014302698080720173, 0.03115597708660304, -0.004347588319804261, 0.004098790032636241], [0.009726205662925296, -0.00928083702391604, 0.014302698063907817, -0.004347588312647074, 0.014302698070815554, -0.004347588319804261, 0.031155977093035685, 0.0040987900326363656], [-0.0036734558418694283, -0.003755444588555787, -0.003755444588555673, 0.004098790032636708, -0.0037554445885558756, 0.004098790032636241, 0.0040987900326363656, 0.012564014908097481]], [[0.05937217858598178, 0.025005415782137795, 0.02500541578213779, 0.007326682481901551, 0.025005415782137795, 0.0073266824819015666, 0.007326682481901568, -4.987409510845558e-05, 0.025005415782137788, 0.007326682481901563, 0.007326682481901563, -4.98740951084504e-05, 0.0073266824819015666, -4.9874095108453106e-05, -4.987409510845335e-05, -0.0014161289427280118], [0.025005415782137795, 0.04738892634763794, 0.0048117458848335485, 0.01242968787549547, 0.0048117458848338165, 0.012429687875495367, -0.003236741751420596, -0.0009233249648838159, 0.004811745884833724, 0.012429687875495367, -0.0032367417514205872, -0.0009233249648838046, -0.003236741751420614, -0.0009233249648838011, -0.0011111429046324998, -0.0008385280302730906], [0.02500541578213779, 0.0048117458848335485, 0.04738892634763794, 0.01242968787549545, 0.004811745884833782, -0.0032367417514205872, 0.012429687875495395, -0.0009233249648838118, 0.004811745884833792, -0.003236741751420571, 0.012429687875495398, -0.0009233249648838381, -0.0032367417514206466, -0.0011111429046324914, -0.0009233249648837865, -0.0008385280302731124], [0.007326682481901551, 0.01242968787549547, 0.01242968787549545, 0.02683954370571424, -0.0032367417514206635, -0.0034715230461342846, -0.003471523046134253, 0.0005989348575819366, -0.003236741751420632, -0.00347152304613433, -0.0034715230461343245, 0.000598934857581923, 0.0004356956428088599, 0.0006498708304719793, 0.0006498708304719508, 0.0006872895806883596], [0.025005415782137795, 0.0048117458848338165, 0.004811745884833782, -0.0032367417514206635, 0.04738892634763786, 0.012429687875495405, 0.01242968787549541, -0.000923324964883781, 0.0048117458848336925, -0.003236741751420594, -0.003236741751420627, -0.0011111429046325029, 0.012429687875495402, -0.0009233249648838109, -0.0009233249648837932, -0.0008385280302731047], [0.0073266824819015666, 0.012429687875495367, -0.0032367417514205872, -0.0034715230461342846, 0.012429687875495405, 0.02683954370571426, -0.0034715230461342325, 0.00059893485758199, -0.0032367417514206215, -0.0034715230461342564, 0.0004356956428087626, 0.000649870830471903, -0.003471523046134314, 0.0005989348575819259, 0.0006498708304718946, 0.0006872895806884013], [0.007326682481901568, -0.003236741751420596, 0.012429687875495395, -0.003471523046134253, 0.01242968787549541, -0.0034715230461342325, 0.026839543705714255, 0.0005989348575820364, -0.0032367417514206154, 0.00043569564280880146, -0.0034715230461342815, 0.0006498708304718971, -0.0034715230461342937, 0.0006498708304718332, 0.0005989348575819442, 0.0006872895806883954], [-4.987409510845558e-05, -0.0009233249648838159, -0.0009233249648838118, 0.0005989348575819366, -0.000923324964883781, 0.00059893485758199, 0.0005989348575820364, 0.010984151461043035, -0.001111142904632505, 0.0006498708304718412, 0.0006498708304718729, -0.00011578581896236424, 0.0006498708304719066, -0.00011578581896228876, -0.00011578581896235461, -0.0001593488840388972], [0.025005415782137788, 0.004811745884833724, 0.004811745884833792, -0.003236741751420632, 0.0048117458848336925, -0.0032367417514206215, -0.0032367417514206154, -0.001111142904632505, 0.04738892634763787, 0.0124296878754954, 0.012429687875495418, -0.0009233249648837789, 0.012429687875495442, -0.0009233249648838082, -0.0009233249648838208, -0.0008385280302731116], [0.007326682481901563, 0.012429687875495367, -0.003236741751420571, -0.00347152304613433, -0.003236741751420594, -0.0034715230461342564, 0.00043569564280880146, 0.0006498708304718412, 0.0124296878754954, 0.02683954370571425, -0.0034715230461342815, 0.0005989348575819686, -0.003471523046134268, 0.0005989348575819762, 0.0006498708304719105, 0.0006872895806883984], [0.007326682481901563, -0.0032367417514205872, 0.012429687875495398, -0.0034715230461343245, -0.003236741751420627, 0.0004356956428087626, -0.0034715230461342815, 0.0006498708304718729, 0.012429687875495418, -0.0034715230461342815, 0.026839543705714303, 0.0005989348575819656, -0.0034715230461342854, 0.0006498708304719382, 0.0005989348575819488, 0.000687289580688397], [-4.98740951084504e-05, -0.0009233249648838046, -0.0009233249648838381, 0.000598934857581923, -0.0011111429046325029, 0.000649870830471903, 0.0006498708304718971, -0.00011578581896236424, -0.0009233249648837789, 0.0005989348575819686, 0.0005989348575819656, 0.010984151461043026, 0.0006498708304719565, -0.000115785818962345, -0.00011578581896229796, -0.0001593488840388934], [0.0073266824819015666, -0.003236741751420614, -0.0032367417514206466, 0.0004356956428088599, 0.012429687875495402, -0.003471523046134314, -0.0034715230461342937, 0.0006498708304719066, 0.012429687875495442, -0.003471523046134268, -0.0034715230461342854, 0.0006498708304719565, 0.02683954370571425, 0.0005989348575819101, 0.0005989348575819313, 0.0006872895806884009], [-4.9874095108453106e-05, -0.0009233249648838011, -0.0011111429046324914, 0.0006498708304719793, -0.0009233249648838109, 0.0005989348575819259, 0.0006498708304718332, -0.00011578581896228876, -0.0009233249648838082, 0.0005989348575819762, 0.0006498708304719382, -0.000115785818962345, 0.0005989348575819101, 0.010984151461042979, -0.00011578581896233293, -0.00015934888403889267], [-4.987409510845335e-05, -0.0011111429046324998, -0.0009233249648837865, 0.0006498708304719508, -0.0009233249648837932, 0.0006498708304718946, 0.0005989348575819442, -0.00011578581896235461, -0.0009233249648838208, 0.0006498708304719105, 0.0005989348575819488, -0.00011578581896229796, 0.0005989348575819313, -0.00011578581896233293, 0.010984151461043002, -0.00015934888403891392], [-0.0014161289427280118, -0.0008385280302730906, -0.0008385280302731124, 0.0006872895806883596, -0.0008385280302731047, 0.0006872895806884013, 0.0006872895806883954, -0.0001593488840388972, -0.0008385280302731116, 0.0006872895806883984, 0.000687289580688397, -0.0001593488840388934, 0.0006872895806884009, -0.00015934888403889267, -0.00015934888403891392, 0.003309653404386646]]]}