{"r1": 0.75, "r2": 0.75, "theta": 134.275, "sequence": [[[0.21107975275563143, 0.13424986978718756], [0.13424986978718756, 0.09786805468051946]], [[0.05089149634060927, 0.04305085640958942, 0.04305085640958932, 0.01458710338900049], [0.04305085640958942, 0.1067812216499351, -0.0025937713891374674, -0.0008793114639824997], [0.04305085640958932, -0.0025937713891374674, 0.10678122164993373, -0.0008793114639821329], [0.01458710338900049, -0.0008793114639824997, -0.0008793114639821329, 0.01532861449184388]], [[0.011794711477400051, 0.010379120402339877, 0.010379120402339887, 0.005890165978477105, 0.010379120402339905, 0.005890165978477095, 0.0058901659784771085, 0.0006251038215681364], [0.010379120402339877, 0.026687323542981253, 0.003542002906415928, 0.010532020669828742, 0.003542002857310616, 0.010532020716262358, -0.004152937482749608, -0.0003088376020890285], [0.010379120402339887, 0.003542002906415928, 0.026687323578430868, 0.010532020735049878, 0.003542002821861217, -0.00415293754797063, 0.01053202071626241, -0.0003088376020890428], [0.005890165978477105, 0.010532020669828742, 0.010532020735049878, 0.01011926748634063, -0.0041529375015371085, -0.0006423615508164461, -0.0006423612060012039, 7.423105568229471e-05], [0.010379120402339905, 0.003542002857310616, 0.003542002821861217, -0.0041529375015371085, 0.02668732362753608, 0.01053202073504988, 0.010532020669828846, -0.0003088376020890585], [0.005890165978477095, 0.010532020716262358, -0.00415293754797063, -0.0006423615508164461, 0.01053202073504988, 0.010119267657494851, -0.0006423613771553907, 7.423105568224309e-05], [0.0058901659784771085, -0.004152937482749608, 0.01053202071626241, -0.0006423612060012039, 0.010532020669828846, -0.0006423613771553907, 0.01011926731267967, 7.423105568233414e-05], [0.0006251038215681364, -0.0003088376020890285, -0.0003088376020890428, 7.423105568229471e-05, -0.0003088376020890585, 7.423105568224309e-05, 7.423105568233414e-05, 0.0017844359706255804]], [[0.002250141550704912, 0.0023727730269222616, 0.0023727730269222755, 0.0016047755412818767, 0.0023727730269222616, 0.0016047755412818654, 0.0016047755412818684, 9.394716367553276e-05, 0.002372773026922287, 0.001604775541281866, 0.0016047755412818701, 9.394716367553313e-05, 0.0016047755412818732, 9.394716367554099e-05, 9.394716367553882e-05, -0.00023718139328099183], [0.0023727730269222616, 0.007219250205032708, 0.0016100413593467186, 0.004528636674273413, 0.0016100413593467782, 0.004528636674273397, -0.00017994304268621481, 0.0005933186148589822, 0.0016100413593471267, 0.004528636674273353, -0.00017994304268632754, 0.0005933186148589878, -0.00017994304268633646, 0.0005933186148589594, -0.001004765780796255, -0.0004523956834279073], [0.0023727730269222755, 0.0016100413593467186, 0.007219250205032758, 0.00452863667427338, 0.0016100413593468053, -0.0001799430426862812, 0.004528636674273416, 0.0005933186148589836, 0.0016100413593469753, -0.00017994304268629686, 0.004528636674273411, 0.000593318614858993, -0.0001799430426862897, -0.0010047657807962993, 0.0005933186148589878, -0.00045239568342791075], [0.0016047755412818767, 0.004528636674273413, 0.00452863667427338, 0.011438979236929433, -0.00017994304268627474, -0.0002714407935359826, -0.00027144079353600754, -9.279123511432162e-05, -0.00017994304268627973, -0.0002714407935360486, -0.00027144079353590047, -9.279123511420745e-05, 1.1011157018503238e-05, 1.3635265381948626e-07, 1.3635265377703077e-07, -1.4951703834571501e-05], [0.0023727730269222616, 0.0016100413593467782, 0.0016100413593468053, -0.00017994304268627474, 0.0072192502050328865, 0.004528636674273411, 0.0045286366742733775, 0.0005933186148589237, 0.0016100413593468463, -0.00017994304268626336, -0.00017994304268626835, -0.0010047657807963418, 0.004528636674273424, 0.0005933186148589566, 0.0005933186148589688, -0.0004523956834280607], [0.0016047755412818654, 0.004528636674273397, -0.0001799430426862812, -0.0002714407935359826, 0.004528636674273411, 0.011438979236929868, -0.0002714407935361564, -9.279123511443863e-05, -0.00017994304268630255, -0.00027144079353607324, 1.1011157018294525e-05, 1.3635265389726165e-07, -0.00027144079353580674, -9.279123511435873e-05, 1.3635265390047262e-07, -1.4951703834557947e-05], [0.0016047755412818684, -0.00017994304268621481, 0.004528636674273416, -0.00027144079353600754, 0.0045286366742733775, -0.0002714407935361564, 0.011438979236929955, -9.279123511434588e-05, -0.00017994304268634183, 1.1011157018551398e-05, -0.0002714407935361628, 1.3635265376846833e-07, -0.00027144079353604077, 1.3635265383340018e-07, -9.279123511426454e-05, -1.4951703834562585e-05], [9.394716367553276e-05, 0.0005933186148589822, 0.0005933186148589836, -9.279123511432162e-05, 0.0005933186148589237, -9.279123511443863e-05, -9.279123511434588e-05, 0.0016318617363808392, -0.0010047657807962806, 1.3635265385837394e-07, 1.3635265393186826e-07, -8.500936017347661e-05, 1.363526537977234e-07, -8.500936017329539e-05, -8.500936017311343e-05, -0.00014032088792461904], [0.002372773026922287, 0.0016100413593471267, 0.0016100413593469753, -0.00017994304268627973, 0.0016100413593468463, -0.00017994304268630255, -0.00017994304268634183, -0.0010047657807962806, 0.007219250205032449, 0.004528636674273428, 0.0045286366742734304, 0.0005933186148589851, 0.004528636674273428, 0.0005933186148589815, 0.0005933186148589787, -0.0004523956834279458], [0.001604775541281866, 0.004528636674273353, -0.00017994304268629686, -0.0002714407935360486, -0.00017994304268626336, -0.00027144079353607324, 1.1011157018551398e-05, 1.3635265385837394e-07, 0.004528636674273428, 0.011438979236929792, -0.0002714407935360575, -9.279123511428023e-05, -0.00027144079353603903, -9.279123511434161e-05, 1.3635265373564564e-07, -1.4951703834543317e-05], [0.0016047755412818701, -0.00017994304268632754, 0.004528636674273411, -0.00027144079353590047, -0.00017994304268626835, 1.1011157018294525e-05, -0.0002714407935361628, 1.3635265393186826e-07, 0.0045286366742734304, -0.0002714407935360575, 0.011438979236930045, -9.279123511443293e-05, -0.0002714407935360839, 1.3635265389048313e-07, -9.279123511440723e-05, -1.4951703834565436e-05], [9.394716367553313e-05, 0.0005933186148589878, 0.000593318614858993, -9.279123511420745e-05, -0.0010047657807963418, 1.3635265389726165e-07, 1.3635265376846833e-07, -8.500936017347661e-05, 0.0005933186148589851, -9.279123511428023e-05, -9.279123511443293e-05, 0.0016318617363812469, 1.3635265377631723e-07, -8.500936017342845e-05, -8.50093601734563e-05, -0.00014032088792458692], [0.0016047755412818732, -0.00017994304268633646, -0.0001799430426862897, 1.1011157018503238e-05, 0.004528636674273424, -0.00027144079353580674, -0.00027144079353604077, 1.363526537977234e-07, 0.004528636674273428, -0.00027144079353603903, -0.0002714407935360839, 1.3635265377631723e-07, 0.011438979236929587, -9.279123511432303e-05, -9.27912351142431e-05, -1.4951703834564725e-05], [9.394716367554099e-05, 0.0005933186148589594, -0.0010047657807962993, 1.3635265381948626e-07, 0.0005933186148589566, -9.279123511435873e-05, 1.3635265383340018e-07, -8.500936017329539e-05, 0.0005933186148589815, -9.279123511434161e-05, 1.3635265389048313e-07, -8.500936017342845e-05, -9.279123511432303e-05, 0.0016318617363811584, -8.500936017348411e-05, -0.00014032088792458622], [9.394716367553882e-05, -0.001004765780796255, 0.0005933186148589878, 1.3635265377703077e-07, 0.0005933186148589688, 1.3635265390047262e-07, -9.279123511426454e-05, -8.500936017311343e-05, 0.0005933186148589787, 1.3635265373564564e-07, -9.279123511440723e-05, -8.50093601734563e-05, -9.27912351142431e-05, -8.500936017348411e-05, 0.0016318617363810712, -0.00014032088792461048], [-0.00023718139328099183, -0.0004523956834279073, -0.00045239568342791075, -1.4951703834571501e-05, -0.0004523956834280607, -1.4951703834557947e-05, -1.4951703834562585e-05, -0.00014032088792461904, -0.0004523956834279458, -1.4951703834543317e-05, -1.4951703834565436e-05, -0.00014032088792458692, -1.4951703834564725e-05, 