{"r1": 0.5099999999999999, "r2": 0.5099999999999999, "theta": 44.825, "sequence": [[[0.6206898399175255, 0.08988035042039279], [0.08988035042039279, 0.18482761308486328]], [[0.4182996465721581, 0.06879280610736044, 0.06879280610736047, -0.011658599622954586], [0.06879280610736044, 0.1537693067591601, -0.031214833187941965, 0.005272609769031143], [0.06879280610736047, -0.031214833187941965, 0.15376930675916015, 0.005272609769031365], [-0.011658599622954586, 0.005272609769031143, 0.005272609769031365, 0.059129738452377074]], [[0.28282372568603387, 0.04916580141822057, 0.04916580141822052, -0.0016427412484641903, 0.04916580141822052, -0.0016427412484641582, -0.0016427412484641838, -0.004436469402528772], [0.04916580141822057, 0.10511661062498487, -0.00955465145354359, 0.00874814657054171, -0.009554651481786506, 0.008748146595308443, -0.007877323634759185, -0.001076774332805711], [0.04916580141822052, -0.00955465145354359, 0.10511661065960598, 0.008748146608291209, -0.009554651516407732, -0.007877323672508622, 0.008748146595308377, -0.0010767743328056866], [-0.0016427412484641903, 0.00874814657054171, 0.008748146608291209, 0.03340264915129124, -0.007877323647741982, -0.0006457129514745778, -0.000645712885715466, 0.004297918786071872], [0.04916580141822052, -0.009554651481786506, -0.009554651516407732, -0.007877323647741982, 0.10511661068784904, 0.008748146608291143, 0.008748146570541663, -0.001076774332805632], [-0.0016427412484641582, 0.008748146595308443, -0.007877323672508622, -0.0006457129514745778, 0.008748146608291143, 0.03340264914347742, -0.0006457128779015558, 0.0042979187860718625], [-0.0016427412484641838, -0.007877323634759185, 0.008748146595308377, -0.000645712885715466, 0.008748146570541663, -0.0006457128779015558, 0.03340264907771818, 0.004297918786071828], [-0.004436469402528772, -0.001076774332805711, -0.0010767743328056866, 0.004297918786071872, -0.001076774332805632, 0.0042979187860718625, 0.004297918786071828, 0.010426996280767131]], [[0.19193791891437847, 0.034853062278094454, 0.034853062278094475, 0.0008547484772439377, 0.03485306227809449, 0.0008547484772441327, 0.0008547484772439668, -0.0022250956814355988, 0.03485306227809448, 0.000854748477243962, 0.0008547484772441314, -0.0022250956814355983, 0.0008547484772439318, -0.002225095681435595, -0.0022250956814355975, -0.00048283569545121553], [0.034853062278094454, 0.07369139970743406, -0.0036899433893236703, 0.008123643794538919, -0.003689943389323721, 0.008123643794539179, -0.00460116072795427, -0.0011136152812591222, -0.003689943389323687, 0.008123643794539039, -0.004601160727954117, -0.0011136152812590836, -0.00460116072795423, -0.001113615281259051, 0.0010411603594051588, 0.00011475964891844553], [0.034853062278094475, -0.0036899433893236703, 0.07369139970743417, 0.008123643794538943, -0.0036899433893237505, -0.004601160727954136, 0.008123643794539047, -0.0011136152812590396, -0.0036899433893236625, -0.004601160727954318, 0.008123643794539165, -0.0011136152812590925, -0.004601160727954234, 0.0010411603594051042, -0.00111361528125905, 0.0001147596489184881], [0.0008547484772439377, 0.008123643794538919, 0.008123643794538943, 0.02598270167287667, -0.004601160727954218, -0.0024622347971622904, -0.0024622347971621724, 0.001961763939947381, -0.004601160727954235, -0.0024622347971621447, -0.0024622347971622023, 0.0019617639399474277, 0.003308597068988046, 0.0009849014303634285, 0.0009849014303634713, 3.1551585384862196e-05], [0.03485306227809449, -0.003689943389323721, -0.0036899433893237505, -0.004601160727954218, 0.07369139970743414, 0.008123643794539144, 0.008123643794539023, -0.0011136152812590901, -0.0036899433893236903, -0.004601160727954247, -0.004601160727954102, 0.001041160359405112, 0.008123643794538952, -0.0011136152812591111, -0.0011136152812591088, 0.00011475964891845024], [0.0008547484772441327, 0.008123643794539179, -0.004601160727954136, -0.0024622347971622904, 0.008123643794539144, 0.025982701672876456, -0.002462234797162223, 0.001961763939946872, -0.004601160727954122, -0.0024622347971622618, 0.0033085970689877026, 0.0009849014303628981, -0.002462234797162222, 0.001961763939946896, 0.000984901430362956, 3.1551585386713194e-05], [0.0008547484772439668, -0.00460116072795427, 0.008123643794539047, -0.0024622347971621724, 0.008123643794539023, -0.002462234797162223, 0.02598270167287671, 0.0019617639399473153, -0.004601160727954264, 0.003308597068987889, -0.002462234797162269, 0.0009849014303633353, -0.0024622347971621564, 0.0009849014303633446, 0.0019617639399473236, 3.1551585385157804e-05], [-0.0022250956814355988, -0.0011136152812591222, -0.0011136152812590396, 0.001961763939947381, -0.0011136152812590901, 0.001961763939946872, 0.0019617639399473153, 0.010075261530734337, 0.0010411603594051144, 0.0009849014303632952, 0.0009849014303629563, -0.000861757980340309, 0.0009849014303635155, -0.0008617579803402093, -0.0008617579803402306, -3.214395628476184e-05], [0.03485306227809448, -0.003689943389323687, -0.0036899433893236625, -0.004601160727954235, -0.0036899433893236903, -0.004601160727954122, -0.004601160727954264, 0.0010411603594051144, 0.07369139970743403, 0.008123643794539046, 0.008123643794539129, -0.0011136152812590728, 0.008123643794538943, -0.0011136152812590526, -0.0011136152812591142, 0.00011475964891846093], [0.000854748477243962, 0.008123643794539039, -0.004601160727954318, -0.0024622347971621447, -0.004601160727954247, -0.0024622347971622618, 0.003308597068987889, 0.0009849014303632952, 0.008123643794539046, 0.02598270167287668, -0.002462234797162254, 0.0019617639399472967, -0.0024622347971621898, 0.0019617639399473483, 0.000984901430363354, 3.1551585385150554e-05], [0.0008547484772441314, -0.004601160727954117, 0.008123643794539165, -0.0024622347971622023, -0.004601160727954102, 0.0033085970689877026, -0.002462234797162269, 0.0009849014303629563, 0.008123643794539129, -0.002462234797162254, 0.025982701672876543, 0.0019617639399468856, -0.0024622347971623116, 0.000984901430362886, 0.001961763939946881, 3.155158538671392e-05], [-0.0022250956814355983, -0.0011136152812590836, -0.0011136152812590925, 0.0019617639399474277, 0.001041160359405112, 0.0009849014303628981, 0.0009849014303633353, -0.000861757980340309, -0.0011136152812590728, 0.0019617639399472967, 0.0019617639399468856, 0.01007526153073439, 0.0009849014303634674, -0.0008617579803402699, -0.000861757980340262, -3.214395628475966e-05], [0.0008547484772439318, -0.00460116072795423, -0.004601160727954234, 0.003308597068988046, 0.008123643794538952, -0.002462234797162222, -0.0024622347971621564, 0.0009849014303635155, 0.008123643794538943, -0.0024622347971621898, -0.0024622347971623116, 0.0009849014303634674, 0.02598270167287667, 0.0019617639399473964, 0.001961763939947349, 3.155158538479228e-05], [-0.002225095681435595, -0.001113615281259051, 0.0010411603594051042, 0.0009849014303634285, -0.0011136152812591111, 0.001961763939946896, 0.0009849014303633446, -0.0008617579803402093, -0.0011136152812590526, 0.0019617639399473483, 0.000984901430362886, -0.0008617579803402699, 0.0019617639399473964, 0.01007526153073429, -0.0008617579803402652, -3.2143956284741545e-05], [-0.0022250956814355975, 0.0010411603594051588, -0.00111361528125905, 0.0009849014303634713, -0.0011136152812591088, 0.000984901430362956, 0.0019617639399473236, -0.0008617579803402306, -0.0011136152812591142, 0.000984901430363354, 0.001961763939946881, -0.000861757980340262, 0.001961763939947349, -0.0008617579803402652, 0.010075261530734342, -3.21439562847401e-05], [-0.00048283569545121553, 0.00011475964891844553, 0.0001147596489184881, 3.1551585384862196e-05, 0.00011475964891845024, 3.1551585386713194e-05, 3.1551585385157804e-05, -3.214395628476184e-05, 0.00011475964891846093, 3.1551585385150554e-05, 3.155158538671392e-05, -3.214395628475966e-05, 3.155158538479228e-05, -3.2143956284741545e-05, -3.21439562847401e-05, 0.0035876711671452453]]]}