{"r1": 0.5099999999999999, "r2": 0.5099999999999999, "theta": 179.0, "sequence": [[[0.24496317497503786, 0.002225078754702897], [0.002225078754702897, 0.24492433903880523]], [[0.06012055207331938, 0.001090232891433625, 0.0010902328909115704, 2.7213509124838076e-06], [0.001090232891433625, 0.18497607862085283, -2.32777333359927e-06, 4.657254638251775e-07], [0.0010902328909115704, -2.32777333359927e-06, 0.184976078376641, 4.657270725134764e-07], [2.7213509124838076e-06, 4.657254638251775e-07, 4.657270725134764e-07, 0.060101515649762974]], [[0.014117874288088026, 0.00027876816059463295, 0.0002787681605947655, 3.4375722292159496e-06, 0.00027876816059469177, 3.4375722292159365e-06, 3.437572229215737e-06, -3.284829339909069e-09], [0.00027876816059463295, 0.04569833969913621, 2.957522464752745e-06, 0.0004117207814242641, 2.957522463059423e-06, 0.0004117207814242174, -2.546625360156492e-08, -1.2891534763833642e-06], [0.0002787681605947655, 2.957522464752745e-06, 0.04569833969914549, 0.0004117207814242666, 2.9575224678020533e-06, -2.5466253576987987e-08, 0.00041172078142430506, -1.2891534763974426e-06], [3.4375722292159496e-06, 0.0004117207814242641, 0.0004117207814242666, 0.045686426837142316, -2.546625357985003e-08, -1.7690181869188197e-06, -1.7690181799330418e-06, 3.139281722754236e-06], [0.00027876816059469177, 2.957522463059423e-06, 2.9575224678020533e-06, -2.546625357985003e-08, 0.04569833969914156, 0.00041172078142419556, 0.00041172078142426326, -1.2891534763715687e-06], [3.4375722292159365e-06, 0.0004117207814242174, -2.5466253576987987e-08, -1.7690181869188197e-06, 0.00041172078142419556, 0.04568642683712993, -1.7690181858174888e-06, 3.1392817228404936e-06], [3.437572229215737e-06, -2.546625360156492e-08, 0.00041172078142430506, -1.7690181799330418e-06, 0.00041172078142426326, -1.7690181858174888e-06, 0.04568642683714488, 3.1392817228749056e-06], [-3.284829339909069e-09, -1.2891534763833642e-06, -1.2891534763974426e-06, 3.139281722754236e-06, -1.2891534763715687e-06, 3.1392817228404936e-06, 3.1392817228749056e-06, 0.01411049536769146]], [[0.0036393739107972133, 6.500701110986773e-05, 6.500701108656714e-05, 1.1912530067846887e-06, 6.500701109075566e-05, 1.1912530067801363e-06, 1.1912530068159474e-06, 9.864345985613722e-09, 6.500701112547207e-05, 1.191253006710177e-06, 1.1912530067444186e-06, 9.864345985430842e-09, 1.1912530067461044e-06, 9.864345985246772e-09, 9.864345985558916e-09, -7.741747225438045e-11], [6.500701110986773e-05, 0.011088851589249068, 1.1931918559197466e-06, 0.00020173816779631972, 1.193192080277201e-06, 0.0002017381677612553, 7.517134631118055e-10, 5.023153028329973e-07, 1.1931932090595042e-06, 0.00020173816775933694, 7.516881286783353e-10, 5.023153030062049e-07, 7.516672755993944e-10, 5.023153033773979e-07, -9.834722340127462e-11, -8.295946382924254e-09], [6.500701108656714e-05, 1.1931918559197466e-06, 0.011088851587605881, 0.0002017381677787951, 1.1931912572027208e-06, 7.517354103748613e-10, 0.00020173816772900871, 5.023153031280838e-07, 1.1931923999853025e-06, 7.516906521078179e-10, 0.00020173816777227423, 5.0231530310049e-07, 7.516852428852852e-10, -9.834745695781672e-11, 5.02315303479964e-07, -8.295946388928874e-09], [1.1912530067846887e-06, 0.00020173816779631972, 0.0002017381677787951, 0.03421602854277459, 7.516902035111888e-10, -4.3226904753804113e-07, -4.322863606939377e-07, -1.369866053387393e-07, 7.516611281130678e-10, -4.3228710994263137e-07, -4.3227961999794266e-07, -1.369865297582233e-07, -5.622534798109873e-11, -1.0606909679730702e-09, -1.0606264575907356e-09, -1.143920758562658e-09], [6.500701109075566e-05, 1.193192080277201e-06, 1.1931912572027208e-06, 7.516902035111888e-10, 0.011088851588061369, 0.0002017381677730824, 0.00020173816781297047, 5.023153028838218e-07, 1.1931926219552267e-06, 7.516837326357794e-10, 7.516445940985494e-10, -9.834685442867926e-11, 0.00020173816778780364, 5.023153030451718e-07, 5.023153030578852e-07, -8.295946402304991e-09], [1.1912530067801363e-06, 0.0002017381677612553, 7.517354103748613e-10, -4.3226904753804113e-07, 0.0002017381677730824, 0.03421602854244286, -4.3228417008910007e-07, -1.369866179247252e-07, 7.516586143908629e-10, -4.323029590358137e-07, -3.74848434870387e-11, -1.060709639870415e-09, -4.322834768193218e-07, -1.3698639868717112e-07, -1.060739255874367e-09, -1.1439207203270515e-09], [1.1912530068159474e-06, 7.517134631118055e-10, 0.00020173816772900871, -4.322863606939377e-07, 0.00020173816781297047, -4.3228417008910007e-07, 0.0342160285539885, -1.369865800524607e-07, 7.516654405058935e-10, -2.9623353008027426e-11, -4.3231472406788045e-07, -1.060569985625741e-09, -4.322771853862227e-07, -1.0608323619653107e-09, -1.3698643899076222e-07, -1.1439208692331062e-09], [9.864345985613722e-09, 5.023153028329973e-07, 5.023153031280838e-07, -1.369866053387393e-07, 5.023153028838218e-07, -1.369866179247252e-07, -1.369865800524607e-07, 0.011084140469012186, -9.834670606988954e-11, -1.0606429961670674e-09, -1.0605631136485246e-09, 8.663042017424685e-10, -1.0606618845499558e-09, 8.662571525906613e-10, 8.662393665728457e-10, -8.508405760795268e-09], [6.500701112547207e-05, 1.1931932090595042e-06, 1.1931923999853025e-06, 7.516611281130678e-10, 1.1931926219552267e-06, 7.516586143908629e-10, 7.516654405058935e-10, -9.834670606988954e-11, 0.011088851590318855, 0.00020173816779039887, 0.0002017381678100075, 5.023153028399072e-07, 0.00020173816778239984, 5.023153030094826e-07, 5.023153028790795e-07, -8.295946391106771e-09], [1.191253006710177e-06, 0.00020173816775933694, 7.516906521078179e-10, -4.3228710994263137e-07, 7.516837326357794e-10, -4.323029590358137e-07, -2.9623353008027426e-11, -1.0606429961670674e-09, 0.00020173816779039887, 0.034216028560748235, -4.322937666388374e-07, -1.3698655475118816e-07, -4.3228071177621283e-07, -1.369865369435655e-07, -1.0607455072076787e-09, -1.1439206602008425e-09], [1.1912530067444186e-06, 7.516881286783353e-10, 0.00020173816777227423, -4.3227961999794266e-07, 7.516445940985494e-10, -3.74848434870387e-11, -4.3231472406788045e-07, -1.0605631136485246e-09, 0.0002017381678100075, -4.322937666388374e-07, 0.0342160285686265, -1.369866561070629e-07, -4.3228021462273845e-07, -1.0606968846002587e-09, -1.3698651495711662e-07, -1.1439208259323123e-09], [9.864345985430842e-09, 5.023153030062049e-07, 5.0231530310049e-07, -1.369865297582233e-07, -9.834685442867926e-11, -1.060709639870415e-09, -1.060569985625741e-09, 8.663042017424685e-10, 5.023153028399072e-07, -1.3698655475118816e-07, -1.369866561070629e-07, 0.01108414046916957, -1.0606591049676229e-09, 8.663357083616269e-10, 8.663188902978572e-10, -8.508405501749824e-09], [1.1912530067461044e-06, 7.516672755993944e-10, 7.516852428852852e-10, -5.622534798109873e-11, 0.00020173816778780364, -4.322834768193218e-07, -4.322771853862227e-07, -1.0606618845499558e-09, 0.00020173816778239984, -4.3228071177621283e-07, -4.3228021462273845e-07, -1.0606591049676229e-09, 0.03421602854288088, -1.3698654802282464e-07, -1.3698659295804324e-07, -1.1439207278737383e-09], [9.864345985246772e-09, 5.023153033773979e-07, -9.834745695781672e-11, -1.0606909679730702e-09, 5.023153030451718e-07, -1.3698639868717112e-07, -1.0608323619653107e-09, 8.662571525906613e-10, 5.023153030094826e-07, -1.369865369435655e-07, -1.0606968846002587e-09, 8.663357083616269e-10, -1.3698654802282464e-07, 0.011084140469071363, 8.662720498795388e-10, -8.508405479232937e-09], [9.864345985558916e-09, -9.834722340127462e-11, 5.02315303479964e-07, -1.0606264575907356e-09, 5.023153030578852e-07, -1.060739255874367e-09, -1.3698643899076222e-07, 8.662393665728457e-10, 5.023153028790795e-07, -1.0607455072076787e-09, -1.3698651495711662e-07, 8.663188902978572e-10, -1.3698659295804324e-07, 8.662720498795388e-10, 0.011084140469038679, -8.508405641784909e-09], [-7.741747225438045e-11, -8.295946382924254e-09, -8.295946388928874e-09, -1.143920758562658e-09, -8.295946402304991e-09, -1.1439207203270515e-09, -1.1439208692331062e-09, -8.508405760795268e-09, -8.295946391106771e-09,