{"r1": 0.75, "r2": 0.75, "theta": 89.55, "sequence": [[[0.3996550090003206, 0.1645380210629105], [0.1645380210629105, 0.06798420674609776]], [[0.18131740666627835, 0.08403136429300671, 0.08403136429300669, 0.011825181779148299], [0.08403136429300671, 0.09727966458823567, -0.012101036724061083, -0.0017137491243864212], [0.08403136429300669, -0.012101036724061083, 0.09727966458823561, -0.0017137491243862544], [0.011825181779148299, -0.0017137491243864212, -0.0017137491243862544, 0.015384029776414019]], [[0.0815486006762725, 0.039023429168387636, 0.039023429168387684, 0.01043365852413759, 0.03902342916838766, 0.010433658524137638, 0.01043365852413767, -0.001647530562178531], [0.039023429168387636, 0.04897335283847672, 0.0056102766101417635, 0.01033915677806965, 0.005610276433906385, 0.010339156800708085, -0.007497378123651047, -0.0019409857473568078], [0.039023429168387684, 0.0056102766101417635, 0.04897335273662663, 0.010339156812878243, 0.005610276535756033, -0.00749737815845946, 0.010339156800708207, -0.0019409857473568757], [0.01043365852413759, 0.01033915677806965, 0.010339156812878243, 0.006540330342721848, -0.007497378135821226, -0.000868394035972853, -0.0008683941498708049, 0.0009960252655653668], [0.03902342916838766, 0.005610276433906385, 0.005610276535756033, -0.007497378135821226, 0.048973352912862665, 0.01033915681287808, 0.010339156778069652, -0.001940985747357021], [0.010433658524137638, 0.010339156800708085, -0.00749737815845946, -0.000868394035972853, 0.01033915681287808, 0.006540330190451163, -0.0008683939976002316, 0.0009960252655651647], [0.01043365852413767, -0.007497378123651047, 0.010339156800708207, -0.0008683941498708049, 0.010339156778069652, -0.0008683939976002316, 0.00654033030434902, 0.0009960252655651985], [-0.001647530562178531, -0.0019409857473568078, -0.0019409857473568757, 0.0009960252655653668, -0.001940985747357021, 0.0009960252655651647, 0.0009960252655651985, 0.0016288834696952257]], [[0.03810387587889948, 0.019121219310397865, 0.019121219310397782, 0.0061179453083477576, 0.01912121931039781, 0.0061179453083477974, 0.006117945308347755, -3.0132767334877552e-05, 0.019121219310397813, 0.006117945308347814, 0.006117945308347774, -3.0132767334878257e-05, 0.006117945308347774, -3.013276733485201e-05, -3.0132767334894815e-05, -0.0010848253189812286], [0.019121219310397865, 0.024762189599144963, 0.004964715987705751, 0.007693024723134634, 0.004964715987705834, 0.007693024723134481, -0.0014897122036696753, 0.00021061470174112487, 0.004964715987705599, 0.00769302472313455, -0.0014897122036696799, 0.00021061470174116154, -0.0014897122036696836, 0.00021061470174111677, -0.001068045046935863, -0.0003833001524715149], [0.019121219310397782, 0.004964715987705751, 0.0247621895991449, 0.007693024723134538, 0.00496471598770601, -0.0014897122036697733, 0.007693024723134436, 0.00021061470174114178, 0.00496471598770586, -0.001489712203669733, 0.00769302472313449, 0.00021061470174109527, -0.0014897122036697436, -0.0010680450469358178, 0.00021061470174114038, -0.0003833001524714965], [0.0061179453083477576, 0.007693024723134634, 0.007693024723134538, 0.009537276151056947, -0.001489712203669777, -0.0010927477616928568, -0.001092747761693078, -8.939430057472336e-05, -0.001489712203669744, -0.001092747761693116, -0.0010927477616930682, -8.93943005747318e-05, 0.00023059124115841465, 9.934107446308467e-05, 9.934107446308785e-05, 4.78748402293211e-05], [0.01912121931039781, 0.004964715987705834, 0.00496471598770601, -0.001489712203669777, 0.024762189599144523, 0.007693024723134583, 0.00769302472313451, 0.00021061470174111956, 0.004964715987705742, -0.0014897122036696933, -0.0014897122036697235, -0.001068045046935853, 0.007693024723134469, 0.0002106147017411777, 0.00021061470174115062, -0.00038330015247155854], [0.0061179453083477974, 0.007693024723134481, -0.0014897122036697733, -0.0010927477616928568, 0.007693024723134583, 0.009537276151057211, -0.0010927477616931764, -8.93943005747107e-05, -0.0014897122036696725, -0.001092747761693075, 0.00023059124115827934, 9.934107446313646e-05, -0.0010927477616931034, -8.939430057471488e-05, 9.934107446308817e-05, 4.7874840229397183e-05], [0.006117945308347755, -0.0014897122036696753, 0.007693024723134436, -0.001092747761693078, 0.00769302472313451, -0.0010927477616931764, 0.009537276151057419, -8.939430057465148e-05, -0.0014897122036696935, 0.0002305912411584259, -0.0010927477616930795, 9.93410744630445e-05, -0.0010927477616931047, 9.934107446300718e-05, -8.939430057466418e-05, 4.787484022937183e-05], [-3.0132767334877552e-05, 0.00021061470174112487, 0.00021061470174114178, -8.939430057472336e-05, 0.00021061470174111956, -8.93943005747107e-05, -8.939430057465148e-05, 0.0015469221485714553, -0.00106804504693586, 9.934107446303533e-05, 9.934107446307939e-05, -0.00012071313437695578, 9.934107446311145e-05, -0.00012071313437676626, -0.00012071313437696245, -0.00015021985160841147], [0.019121219310397813, 0.004964715987705599, 0.00496471598770586, -0.001489712203669744, 0.004964715987705742, -0.0014897122036696725, -0.0014897122036696935, -0.00106804504693586, 0.02476218959914492, 0.0076930247231345415, 0.007693024723134496, 0.00021061470174115444, 0.0076930247231344895, 0.00021061470174116575, 0.00021061470174108394, -0.00038330015247155014], [0.006117945308347814, 0.00769302472313455, -0.001489712203669733, -0.001092747761693116, -0.0014897122036696933, -0.001092747761693075, 0.0002305912411584259, 9.934107446303533e-05, 0.0076930247231345415, 0.009537276151057346, -0.0010927477616931626, -8.939430057470361e-05, -0.0010927477616930821, -8.939430057464444e-05, 9.934107446310687e-05, 4.7874840229383096e-05], [0.006117945308347774, -0.0014897122036696799, 0.00769302472313449, -0.0010927477616930682, -0.0014897122036697235, 0.00023059124115827934, -0.0010927477616930795, 9.934107446307939e-05, 0.007693024723134496, -0.0010927477616931626, 0.009537276151057256, -8.939430057472192e-05, -0.0010927477616928792, 9.934107446315371e-05, -8.939430057471631e-05, 4.7874840229392955e-05], [-3.0132767334878257e-05, 0.00021061470174116154, 0.00021061470174109527, -8.93943005747318e-05, -0.001068045046935853, 9.934107446313646e-05, 9.93410744630445e-05, -0.00012071313437695578, 0.00021061470174115444, -8.939430057470361e-05, -8.939430057472192e-05, 0.0015469221485713675, 9.934107446318435e-05, -0.00012071313437674073, -0.00012071313437681346, -0.00015021985160843258], [0.006117945308347774, -0.0014897122036696836, -0.0014897122036697436, 0.00023059124115841465, 0.007693024723134469, -0.0010927477616931034, -0.0010927477616931047, 9.934107446311145e-05, 0.0076930247231344895, -0.0010927477616930821, -0.0010927477616928792, 9.934107446318435e-05, 0.009537276151057079, -8.939430057471348e-05, -8.939430057475437e-05, 4.787484022942958e-05], [-3.013276733485201e-05, 0.00021061470174111677, -0.0010680450469358178, 9.934107446308467e-05, 0.0002106147017411777, -8.939430057471488e-05, 9.934107446300718e-05, -0.00012071313437676626, 0.00021061470174116575, -8.939430057464444e-05, 9.934107446315371e-05, -0.00012071313437674073, -8.939430057471348e-05, 0.0015469221485712996, -0.00012071313437692285, -0.00015021985160841288], [-3.0132767334894815e-05, -0.001068045046935863, 0.00021061470174114038, 9.934107446308785e-05, 0.00021061470174115062, 9.934107446308817e-05, -8.939430057466418e-05, -0.00012071313437696245, 0.00021061470174108394, 9.934107446310687e-05, -8.939430057471631e-05, -0.00012071313437681346, -8.939430057475437e-05, -0.00012071313437692285, 0.0015469221485716143, -0.0001502198516083805], [-0.0010848253189812286, -0.0003833001524715149, -0.0003833001524714965, 4.78748402293211e-05, -0.00038330015247155854, 4.7874840229397183e-05, 4.787484022937183e-05, -0.00015021985160841147, -0.00038330015247155014, 4.7874840229383096e-05, 4.7874840229392955e-05, -0.00015021985160843258, 4.787484022942958e-05, -0.00015021985160841288, -0.0001502198516083805, 0.00031172977432255205]]]}