{"r1": 0.99, "r2": 0.99, "theta": 179.0, "sequence": [[[0.00483435988371126, 0.003982229794456427], [0.003982229794456427, 0.004764855097854339]], [[0.00010423167375440199, 3.194218495488245e-05, 3.194218495488112e-05, -4.288141122002612e-07], [3.194218495488245e-05, 0.005041403687716519, 1.2565194170566002e-06, -1.1155938499265736e-05], [3.194218495488112e-05, 1.2565194170566002e-06, 0.00504140368771676, -1.1155938498800401e-05], [-4.288141122002612e-07, -1.1155938499265736e-05, -1.1155938498800401e-05, 0.00010387039407245138]], [[1.977507298812101e-05, 1.1069053309666341e-07, 1.1069053311181426e-07, 1.3996282532894045e-07, 1.1069053310207959e-07, 1.399628253292391e-07, 1.3996282532829369e-07, -3.5856188385672596e-09], [1.1069053309666341e-07, -3.945643989721911e-06, 8.666048606740562e-08, 9.111284282827188e-06, 8.680124172459293e-08, 9.11130985848193e-06, -8.25396033155857e-10, -1.5321051509034798e-08], [1.1069053311181426e-07, 8.666048606740562e-08, -3.945183760906243e-06, 9.11128451509277e-06, 8.634101255371348e-08, -8.256279812767398e-10, 9.111309858633424e-06, -1.5321050964887783e-08], [1.3996282532894045e-07, 9.111284282827188e-06, 9.11128451509277e-06, -4.260073012419659e-06, -8.00052361971034e-10, -6.866195356975156e-08, -6.851971847288922e-08, 3.1778908185203874e-07], [1.1069053310207959e-07, 8.680124172459293e-08, 8.634101255371348e-08, -8.00052361971034e-10, -3.945324516285423e-06, 9.111284514848394e-06, 9.11128428293504e-06, -1.5321051163267237e-08], [1.399628253292391e-07, 9.11130985848193e-06, -8.256279812767398e-10, -6.866195356975156e-08, 9.111284514848394e-06, -4.260052061686719e-06, -6.854066927516561e-08, 3.1778908072813365e-07], [1.3996282532829369e-07, -8.25396033155857e-10, 9.111309858633424e-06, -6.851971847288922e-08, 9.11128428293504e-06, -6.854066927516561e-08, -4.260194297031842e-06, 3.177890807650007e-07], [-3.5856188385672596e-09, -1.5321051509034798e-08, -1.5321050964887783e-08, 3.1778908185203874e-07, -1.5321051163267237e-08, 3.1778908072813365e-07, 3.177890807650007e-07, 1.976361349649567e-05]], [[3.258216859682131e-06, 5.646607578704089e-10, 5.646607528205451e-10, 9.543757024023464e-10, 5.646607533264161e-10, 9.543757141564381e-10, 9.543757129971281e-10, 1.2299640375720065e-09, 5.64660753789141e-10, 9.543757141392747e-10, 9.543757128191584e-10, 1.2299640372480588e-09, 9.543757129206276e-10, 1.2299640366679705e-09, 1.229964036923651e-09, -4.1223638536224596e-11], [5.646607578704089e-10, 1.5875415076694893e-06, 1.0391395270311073e-09, 1.0946693736783833e-07, 1.0391372240841406e-09, 1.0946693134094493e-07, 6.363984208325812e-10, 7.343212739465801e-08, 1.0391368547427315e-09, 1.094669423677681e-07, 6.364093101375273e-10, 7.3432127168841e-08, 6.364032195073791e-10, 7.343212731732721e-08, 4.365218081909917e-12, -6.914268200980099e-10], [5.646607528205451e-10, 1.0391395270311073e-09, 1.5875415074472065e-06, 1.0946693153742268e-07, 1.0391360772847413e-09, 6.364089819510575e-10, 1.0946693610790651e-07, 7.343212724621019e-08, 1.0391384191226916e-09, 6.3640453069517e-10, 1.0946693197680048e-07, 7.343212740029206e-08, 6.364089605742412e-10, 4.365060239043284e-12, 7.343212729912997e-08, -6.914268239451661e-10], [9.543757024023464e-10, 1.0946693736783833e-07, 1.0946693153742268e-07, 1.7831829165752324e-05, 6.364027894189459e-10, -8.310575946825257e-10, -5.601254845434694e-10, -3.3586747444851206e-08, 6.36409457889074e-10, -9.135302198766377e-10, -6.42608609535139e-10, -3.3585295965179535e-08, 2.105141750393434e-10, 1.0417140583513176e-11, 5.662699804178691e-12, 4.187096134954942e-10], [5.646607533264161e-10, 1.0391372240841406e-09, 1.0391360772847413e-09, 6.364027894189459e-10, 1.5875415077965082e-06, 1.0946692080707035e-07, 1.0946693152497322e-07, 7.343212748555934e-08, 1.039139141600709e-09, 6.364094070791288e-10, 6.364198682316076e-10, 4.3650203287183e-12, 1.0946693800639577e-07, 7.34321272336744e-08, 7.343212718081765e-08, -6.914269690618761e-10], [9.543757141564381e-10, 1.0946693134094493e-07, 6.364089819510575e-10, -8.310575946825257e-10, 1.0946692080707035e-07, 1.7832003767972748e-05, -7.438181938571212e-10, -3.358666250112343e-08, 6.364203094548834e-10, -7.298421097447177e-10, 3.591566675269945e-11, 1.0332029916655458e-11, -6.42609305335552e-10, -3.3588442245238694e-08, 8.809226575104178e-12, 4.1870971707376037e-10], [9.543757129971281e-10, 6.363984208325812e-10, 1.0946693610790651e-07, -5.601254845434694e-10, 1.0946693152497322e-07, -7.438181938571212e-10, 1.7831952396485664e-05, -3.358858008596407e-08, 6.364154930980234e-10, 8.727576119367431e-11, -7.298433160015985e-10, 7.49536199663673e-12, -9.135284112916779e-10, 1.0726815370311573e-11, -3.358560552318377e-08, 4.187097162583238e-10], [1.2299640375720065e-09, 7.343212739465801e-08, 7.343212724621019e-08, -3.3586747444851206e-08, 7.343212748555934e-08, -3.358666250112343e-08, -3.358858008596407e-08, 1.5858468224950608e-06, 4.364959396166584e-12, 1.0598340388433916e-11, 8.680685397611182e-12, 4.5116747394165754e-10, 8.765813292408945e-12, 4.511651107611259e-10, 4.5119729199996683e-10, 1.513193632256059e-08], [5.64660753789141e-10, 1.0391368547427315e-09, 1.0391384191226916e-09, 6.36409457889074e-10, 1.039139141600709e-09, 6.364203094548834e-10, 6.364154930980234e-10, 4.364959396166584e-12, 1.587541507796508e-06, 1.0946692517603445e-07, 1.0946692036128761e-07, 7.34321274634466e-08, 1.0946693131962912e-07, 7.343212737004004e-08, 7.34321272993465e-08, -6.914268466525489e-10], [9.543757141392747e-10, 1.094669423677681e-07, 6.3640453069517e-10, -9.135302198766377e-10, 6.364094070791288e-10, -7.298421097447177e-10, 8.727576119367431e-11, 1.0598340388433916e-11, 1.0946692517603445e-07, 1.783195239943885e-05, -7.438181500661192e-10, -3.3585477003488197e-08, -5.601294766388096e-10, -3.358870855601532e-08, 7.623803948192236e-12, 4.18709696801595e-10], [9.543757128191584e-10, 6.364093101375273e-10, 1.0946693197680048e-07, -6.42608609535139e-10, 6.364198682316076e-10, 3.591566675269945e-11, -7.298433160015985e-10, 8.680685397611182e-12, 1.0946692036128761e-07, -7.438181500661192e-10, 1.7832003768195033e-05, -3.3588313888509834e-08, -8.310566317135569e-10, 1.0460604413599412e-11, -3.358679085644892e-08, 4.187097062538074e-10], [1.2299640372480588e-09, 7.3432127168841e-08, 7.343212740029206e-08, -3.3585295965179535e-08, 4.3650203287183e-12, 1.0332029916655458e-11, 7.49536199663673e-12, 4.5116747394165754e-10, 7.34321274634466e-08, -3.3585477003488197e-08, -3.3588313888509834e-08, 1.5858467981714482e-06, 7.314217800767028e-12, 4.511678847353252e-10, 4.5121913084655574e-10, 1.5131936325266563e-08], [9.543757129206276e-10, 6.364032195073791e-10, 6.364089605742412e-10, 2.105141750393434e-10, 1.0946693800639577e-07, -6.42609305335552e-10, -9.135284112916779e-10, 8.765813292408945e-12, 1.0946693131962912e-07, -5.601294766388096e-10, -8.310566317135569e-10, 7.314217800767028e-12, 1.783182916622864e-05, -3.358839895713783e-08, -3.358364445973435e-08, 4.187097365236367e-10], [1.2299640366679705e-09, 7.343212731732721e-08, 4.365060239043284e-12, 1.0417140583513176e-11, 7.34321272336744e-08, -3.3588442245238694e-08, 1.0726815370311573e-11, 4.511651107611259e-10, 7.343212737004004e-08, -3.358870855601532e-08, 1.0460604413599412e-11, 4.511678847353252e-10, -3.358839895713783e-08, 1.5858468541775456e-06, 4.5116616422163114e-10, 1.5131936316324853e-08], [1.229964036923651e-09, 4.365218081909917e-12, 7.343212729912997e-08, 5.662699804178691e-12, 7.343212718081765e-08, 8.809226575104178e-12, -3.358560552318377e-08, 4.5119729199996683e-10, 7.34321272993465e-08, 7.623803948192236e-12, -3.358679085644892e-08, 4.5121913084655574e-10, -3.358364445973435e-08, 4.5116616422163114e-10, 1.5858467712768551e-06, 1.5131936312010064e-08], [-4.1223638536224596e-11, -6.914268200980099e-10, -6.914268239451661e-10, 4.187096134954942e-10, -6.914269690618761e-10, 4.1870971707376037e-10, 4.187097162583238e-10, 1.513193632256059e-08, -6.914268466525489e-10, 4.18709696801595e-10, 4.187097062538074e-10, 