{"r1": 0.99, "r2": 0.99, "theta": 134.275, "sequence": [[[0.010909147036908427, 0.0070906613462426785], [0.0070906613462426785, 0.004929656607932869]], [[0.0010469525319451011, 0.0013658409624918728, 0.0013658409624919417, -0.0007257563858414688], [0.0013658409624918728, 0.004930559173171358, -0.00012626613442842262, -0.0003980650947649506], [0.0013658409624919417, -0.00012626613442842262, 0.004930559173171107, -0.00039806509476586835], [-0.0007257563858414688, -0.0003980650947649506, -0.00039806509476586835, 0.0002308341811670867]], [[0.00019233410481560255, 0.0002483046902168812, 0.00024830469021689246, 0.0001614725342658133, 0.00024830469021685576, 0.0001614725342658133, 0.0001614725342658133, -0.0003098497690739481], [0.0002483046902168812, 0.0006895924837661165, 0.00046833307566751417, 0.0003768342108122471, 0.0004683331332852842, 0.00037683423305802946, 2.9722319677076783e-05, -0.00017837265575690453], [0.00024830469021689246, 0.00046833307566751417, 0.0006895925411787409, 0.00037683427051367124, 0.0004683330758723841, 2.9722259975279624e-05, 0.0003768342330577761, -0.0001783726557570636], [0.0001614725342658133, 0.0003768342108122471, 0.00037683427051367124, -8.614795390506893e-05, 2.972228222096766e-05, -1.4691275054585147e-05, -1.4690761607614177e-05, -4.070550608811689e-05], [0.00024830469021685576, 0.0004683331332852842, 0.0004683330758723841, 2.972228222096766e-05, 0.0006895924835609654, 0.00037683427051368815, 0.00037683421081220205, -0.00017837265575706355], [0.0001614725342658133, 0.00037683423305802946, 2.9722259975279624e-05, -1.4691275054585147e-05, 0.00037683427051368815, -8.614791563052623e-05, -1.4690799881449111e-05, -4.070550608781572e-05], [0.0001614725342658133, 2.9722319677076783e-05, 0.0003768342330577761, -1.4690761607614177e-05, 0.00037683421081220205, -1.4690799881449111e-05, -8.614842907755759e-05, -4.070550608786215e-05], [-0.0003098497690739481, -0.00017837265575690453, -0.0001783726557570636, -4.070550608811689e-05, -0.00017837265575706355, -4.070550608781572e-05, -4.070550608786215e-05, 0.00015744620630782748]], [[3.5918234507013144e-05, 4.290013239774899e-05, 4.2900132397729444e-05, 5.129491583211831e-05, 4.290013239773049e-05, 5.1294915832119005e-05, 5.129491583211203e-05, 3.282088587263425e-05, 4.290013239772315e-05, 5.129491583211273e-05, 5.129491583211342e-05, 3.282088587262028e-05, 5.129491583211203e-05, 3.2820885872644034e-05, 3.2820885872634256e-05, -0.00012358525091519452], [4.290013239774899e-05, 8.947887797563161e-05, 4.7328894752295236e-05, 8.688571901107592e-05, 4.732889475218801e-05, 8.688571901126313e-05, 2.9885693264662253e-05, 9.025973099488512e-05, 4.732889475241471e-05, 8.688571901130922e-05, 2.9885693264519392e-05, 9.025973099478592e-05, 2.9885693264443942e-05, 9.025973099469372e-05, -3.36209402588653e-05, -3.599276227127074e-05], [4.2900132397729444e-05, 4.7328894752295236e-05, 8.947887797578966e-05, 8.688571901119049e-05, 4.732889475233158e-05, 2.988569326438806e-05, 8.688571901121842e-05, 9.025973099475379e-05, 4.732889475194106e-05, 2.9885693264532315e-05, 8.688571901136513e-05, 9.02597309946867e-05, 2.9885693264563052e-05, -3.362094025882688e-05, 9.025973099481246e-05, -3.599276227123161e-05], [5.129491583211831e-05, 8.688571901107592e-05, 8.688571901119049e-05, 8.34132440857038e-06, 2.9885693264435214e-05, -9.425996954997537e-06, -9.425996954839655e-06, -1.0519724289082193e-05, 2.988569326434894e-05, -9.425996955172185e-06, -9.425996955017098e-06, -1.0519724289129698e-05, -6.9859154630279845e-06, -6.328320375401637e-06, -6.328320375334571e-06, 9.382900524698626e-06], [4.290013239773049e-05, 4.732889475218801e-05, 4.732889475233158e-05, 2.9885693264435214e-05, 8.947887797620065e-05, 8.688571901154256e-05, 8.688571901130086e-05, 9.025973099468532e-05, 4.732889475162705e-05, 2.988569326460637e-05, 2.9885693264542103e-05, -3.362094025888696e-05, 8.688571901130783e-05, 9.025973099467415e-05, 9.025973099463223e-05, -3.599276227131404e-05], [5.1294915832119005e-05, 8.688571901126313e-05, 2.988569326438806e-05, -9.425996954997537e-06, 8.688571901154256e-05, 8.34132440863361e-06, -9.425996954901131e-06, -1.051972428903469e-05, 2.9885693264539995e-05, -9.42599695549074e-06, -6.985915463021697e-06, -6.32832037533038e-06, -9.425996954938855e-06, -1.0519724289179997e-05, -6.328320375410019e-06, 9.38290052489563e-06], [5.129491583211203e-05, 2.9885693264662253e-05, 8.688571901121842e-05, -9.425996954839655e-06, 8.688571901130086e-05, -9.425996954901131e-06, 8.341324408870715e-06, -1.0519724288964833e-05, 2.9885693264566548e-05, -6.985915462758327e-06, -9.425996955665389e-06, -6.328320375601432e-06, -9.425996955257412e-06, -6.328320375505029e-06, -1.0519724288772018e-05, 9.382900524885853e-06], [3.282088587263425e-05, 9.025973099488512e-05, 9.025973099475379e-05, -1.0519724289082193e-05, 9.025973099468532e-05, -1.051972428903469e-05, -1.0519724288964833e-05, -8.236207944449707e-06, -3.362094025884085e-05, -6.328320375633567e-06, -6.328320375282875e-06, -5.853382694818986e-06, -6.3283203753066276e-06, -5.853382694477376e-06, -5.853382694061016e-06, 8.594120014915314e-06], [4.290013239772315e-05, 4.732889475241471e-05, 4.732889475194106e-05, 2.988569326434894e-05, 4.732889475162705e-05, 2.9885693264539995e-05, 2.9885693264566548e-05, -3.362094025884085e-05, 8.947887797639036e-05, 8.688571901129665e-05, 8.688571901135114e-05, 9.025973099471607e-05, 8.688571901133019e-05, 9.025973099476359e-05, 9.025973099478314e-05, -3.5992762271379715e-05], [5.129491583211273e-05, 8.688571901130922e-05, 2.9885693264532315e-05, -9.425996955172185e-06, 2.988569326460637e-05, -9.42599695549074e-06, -6.985915462758327e-06, -6.328320375633567e-06, 8.688571901129665e-05, 8.341324408807489e-06, -9.42599695512468e-06, -1.0519724288844672e-05, -9.425996954899735e-06, -1.0519724288799964e-05, -6.3283203756265816e-06, 9.382900524848128e-06], [5.129491583211342e-05, 2.9885693264519392e-05, 8.688571901136513e-05, -9.425996955017098e-06, 2.9885693264542103e-05, -6.985915463021697e-06, -9.425996955665389e-06, -6.328320375282875e-06, 8.688571901135114e-05, -9.42599695512468e-06, 8.3413244092659e-06, -1.0519724289129698e-05, -9.425996955001726e-06, -6.328320375326187e-06, -1.051972428916323e-05, 9.382900524859302e-06], [3.282088587262028e-05, 9.025973099478592e-05, 9.02597309946867e-05, -1.0519724289129698e-05, -3.362094025888696e-05, -6.32832037533038e-06, -6.328320375601432e-06, -5.853382694818986e-06, 9.025973099471607e-05, -1.0519724288844672e-05, -1.0519724289129698e-05, -8.236207944753995e-06, -6.328320375394651e-06, -5.85338269417768e-06, -5.853382694126685e-06, 8.594120014883178e-06], [5.129491583211203e-05, 2.9885693264443942e-05, 2.9885693264563052e-05, -6.9859154630279845e-06, 8.688571901130783e-05, -9.425996954938855e-06, -9.425996955257412e-06, -6.3283203753066276e-06, 8.688571901133019e-05, -9.425996954899735e-06, -9.425996955001726e-06, -6.328320375394651e-06, 8.341324408586186e-06, -1.0519724289230294e-05, -1.05197242890794e-05, 9.382900524888644e-06], [3.2820885872644034e-05, 9.025973099469372e-05, -3.362094025882688e-05, -6.328320375401637e-06, 9.025973099467415e-05, -1.0519724289179997e-05, -6.328320375505029e-06, -5.853382694477376e-06, 9.025973099476359e-05, -1.0519724288799964e-05, -6.328320375326187e-06, -5.85338269417768e-06, -1.0519724289230294e-05, -8.236207944836984e-06, -5.853382694290853e-06, 8.594120014860825e-06], [3.2820885872634256e-05, -3.36209402588653e-05, 9.025973099481246e-05, -6.328320375334571e-06, 9.025973099463223e-05, -6.328320375410019e-06, -1.0519724288772018e-05, -5.853382694061016e-06, 9.025973099478314e-05, -6.3283203756265816e-06, -1.051972428916323e-05, -5.853382694126685e-06, -1.05197242890794e-05, -5.853382694290853e-06, -8.236207945255879e-06, 8.594120014863618e-06], [-0.00012358525091519452, -3.599276227127074e-05, -3.599276227123161e-05, 9.382900524698626e-06, -3.599276227131404e-05, 9.38290052489563e-06, 9.382900524885853e-06, 8.594120014915314e-06, -3.5992762271379715e-05, 