{"r1": 0.18999999999999995, "r2": 0.18999999999999995, "theta": 134.275, "sequence": [[[0.4268040188938593, 0.03401075483105643], [0.03401075483105643, 0.39812305768813155]], [[0.1875553074860663, 0.027415375549705714, 0.02741537554970914, -0.004042082551530844], [0.027415375549705714, 0.23647055953754495, -0.004518153948527674, 0.0006517866402311733], [0.02741537554970914, -0.004518153948527674, 0.23647055953756524, 0.0006517866402261581], [-0.004042082551530844, 0.0006517866402311733, 0.0006517866402261581, 0.16388652430347464]], [[0.0815815644907513, 0.012036597117399881, 0.012036597117399881, 0.00023993768945898038, 0.012036597117399893, 0.0002399376894589686, 0.00023993768945898, -0.0004911017779194701], [0.012036597117399881, 0.10293659893663695, 0.00016924857732862243, 0.00767197030861842, 0.00016924857548791957, 0.007671970308990599, -0.0005234849502373215, -0.0013982926542437065], [0.012036597117399881, 0.00016924857732862243, 0.10293659893735262, 0.007671970308473706, 0.00016924857477212225, -0.0005234849500926382, 0.00767197030899063, -0.0013982926542436842], [0.00023993768945898038, 0.00767197030861842, 0.007671970308473706, 0.09440086950698051, -0.0005234849497203986, -0.0014553273559791621, -0.001455327355949794, 0.0006543082838329971], [0.012036597117399893, 0.00016924857548791957, 0.00016924857477212225, -0.0005234849497203986, 0.10293659893919348, 0.007671970308473638, 0.007671970308618364, -0.0013982926542437], [0.0002399376894589686, 0.007671970308990599, -0.0005234849500926382, -0.0014553273559791621, 0.007671970308473638, 0.0944008695069052, -0.0014553273558745607, 0.0006543082838328237], [0.00023993768945898, -0.0005234849502373215, 0.00767197030899063, -0.001455327355949794, 0.007671970308618364, -0.0014553273558745607, 0.0944008695068759, 0.0006543082838328292], [-0.0004911017779194701, -0.0013982926542437065, -0.0013982926542436842, 0.0006543082838329971, -0.0013982926542437, 0.0006543082838328237, 0.0006543082838328292, 0.06647576234678611]], [[0.03546144361915335, 0.005461482224287248, 0.005461482224287229, 0.0006602050830492019, 0.005461482224287245, 0.0006602050830492154, 0.00066020508304919, -0.00029612188296417117, 0.00546148222428724, 0.000660205083049225, 0.0006602050830491924, -0.00029612188296417285, 0.0006602050830492139, -0.0002961218829641831, -0.00029612188296416906, 5.4654437673175726e-05], [0.005461482224287248, 0.04585384665625412, 0.0006484177189682895, 0.0062657444592528816, 0.0006484177189683264, 0.006265744459252753, -0.0003393019220809725, -0.0008964013497067143, 0.0006484177189682351, 0.006265744459253034, -0.0003393019220812222, -0.0008964013497067182, -0.00033930192208099535, -0.0008964013497067456, 7.674925973754773e-05, 0.00010885334730691947], [0.005461482224287229, 0.0006484177189682895, 0.04585384665625399, 0.006265744459252881, 0.0006484177189682098, -0.00033930192208108485, 0.006265744459252735, -0.0008964013497066779, 0.0006484177189683741, -0.00033930192208108377, 0.006265744459252718, -0.0008964013497066753, -0.00033930192208101736, 7.674925973753493e-05, -0.0008964013497066586, 0.00010885334730690575], [0.0006602050830492019, 0.0062657444592528816, 0.006265744459252881, 0.05598020586001595, -0.00033930192208121804, -0.001001618048828314, -0.0010016180488275, 0.00030653979400836425, -0.00033930192208105753, -0.0010016180488270142, -0.0010016180488278596, 0.0003065397940081679, 8.615436869423229e-05, 0.00014653313023625284, 0.00014653313023630074, -2.898950186868348e-05], [0.005461482224287245, 0.0006484177189683264, 0.0006484177189682098, -0.00033930192208121804, 0.04585384665625392, 0.006265744459252897, 0.006265744459252917, -0.0008964013497066917, 0.0006484177189682777, -0.0003393019220808756, -0.00033930192208108664, 7.674925973753598e-05, 0.006265744459252766, -0.0008964013497067292, -0.0008964013497066988, 0.00010885334730692817], [0.0006602050830492154, 0.006265744459252753, -0.00033930192208108485, -0.001001618048828314, 0.006265744459252897, 0.05598020586001472, -0.001001618048826876, 0.00030653979400848655, -0.0003393019220808764, -0.0010016180488266343, 8.615436869424235e-05, 0.00014653313023616142, -0.001001618048827169, 0.00030653979400817815, 0.0001465331302359778, -2.8989501868657658e-05], [0.00066020508304919, -0.0003393019220809725, 0.006265744459252735, -0.0010016180488275, 0.006265744459252917, -0.001001618048826876, 0.05598020586001548, 0.0003065397940081315, -0.00033930192208128803, 8.615436869437066e-05, -0.001001618048828448, 0.00014653313023639444, -0.0010016180488278095, 0.00014653313023611013, 0.0003065397940085966, -2.898950186870494e-05], [-0.00029612188296417117, -0.0008964013497067143, -0.0008964013497066779, 0.00030653979400836425, -0.0008964013497066917, 0.00030653979400848655, 0.0003065397940081315, 0.039462063344272776, 7.67492597375418e-05, 0.0001465331302358425, 0.00014653313023653658, -3.8457715516496104e-05, 0.0001465331302361955, -3.8457715516464235e-05, -3.845771551655855e-05, 3.460331947219889e-05], [0.00546148222428724, 0.0006484177189682351, 0.0006484177189683741, -0.00033930192208105753, 0.0006484177189682777, -0.0003393019220808764, -0.00033930192208128803, 7.67492597375418e-05, 0.0458538466562539, 0.006265744459252716, 0.006265744459252976, -0.0008964013497067085, 0.00626574445925293, -0.0008964013497067465, -0.0008964013497067009, 0.0001088533473069231], [0.000660205083049225, 0.006265744459253034, -0.00033930192208108377, -0.0010016180488270142, -0.0003393019220808756, -0.0010016180488266343, 8.615436869437066e-05, 0.0001465331302358425, 0.006265744459252716, 0.05598020586001501, -0.0010016180488280962, 0.00030653979400840903, -0.0010016180488274056, 0.00030653979400812735, 0.0001465331302362853, -2.8989501868634012e-05], [0.0006602050830491924, -0.0003393019220812222, 0.006265744459252718, -0.0010016180488278596, -0.00033930192208108664, 8.615436869424235e-05, -0.001001618048828448, 0.00014653313023653658, 0.006265744459252976, -0.0010016180488280962, 0.0559802058600161, 0.00030653979400839553, -0.001001618048826758, 0.00014653313023615936, 0.00030653979400815554, -2.89895018687129e-05], [-0.00029612188296417285, -0.0008964013497067182, -0.0008964013497066753, 0.0003065397940081679, 7.674925973753598e-05, 0.00014653313023616142, 0.00014653313023639444, -3.8457715516496104e-05, -0.0008964013497067085, 0.00030653979400840903, 0.00030653979400839553, 0.03946206334427286, 0.00014653313023597236, -3.84577155165308e-05, -3.8457715516546086e-05, 3.4603319472185143e-05], [0.0006602050830492139, -0.00033930192208099535, -0.00033930192208101736, 8.615436869423229e-05, 0.006265744459252766, -0.001001618048827169, -0.0010016180488278095, 0.0001465331302361955, 0.00626574445925293, -0.0010016180488274056, -0.001001618048826758, 0.00014653313023597236, 0.055980205860014835, 0.0003065397940083247, 0.0003065397940083073, -2.898950186866292e-05], [-0.0002961218829641831, -0.0008964013497067456, 7.674925973753493e-05, 0.00014653313023625284, -0.0008964013497067292, 0.00030653979400817815, 0.00014653313023611013, -3.8457715516464235e-05, -0.0008964013497067465, 0.00030653979400812735, 0.00014653313023615936, -3.84577155165308e-05, 0.0003065397940083247, 0.03946206334427288, -3.8457715516471425e-05, 3.460331947217898e-05], [-0.00029612188296416906, 7.674925973754773e-05, -0.0008964013497066586, 0.00014653313023630074, -0.0008964013497066988, 0.0001465331302359778, 0.0003065397940085966, -3.845771551655855e-05, -0.0008964013497067009, 0.0001465331302362853, 0.00030653979400815554, -3.8457715516546086e-05, 0.0003065397940083073, -3.8457715516471425e-05, 0.03946206334427277, 3.460331947221495e-05], [5.4654437673175726e-05, 0.00010885334730691947, 0.00010885334730690575, -2.898950186868348e-05, 0.00010885334730692817, -2.8989501868657658e-05, -2.898950186870494e-05, 3.460331947219889e-05, 0.0001088533473069231, -2.8989501868634012e-05, -2.89895018687129e-05, 3.4603319472185143e-05, -2.898950186866292e-05, 3.460331947217898e-05, 3.460331947221495e-05, 