{"r1": 0.99, "r2": 0.99, "theta": 44.825, "sequence": [[[0.11481108091992823, 0.02282108300964841], [0.02282108300964841, 0.004143420938690424]], [[0.056209032063259896, 0.011481137645069852, 0.011481137645069597, 0.0006505465949916752], [0.011481137645069852, 0.004777042101186723, -0.00020202662810708236, 0.00010282572404533316], [0.011481137645069597, -0.00020202662810708236, 0.004777042101186634, 0.00010282572404463885], [0.0006505465949916752, 0.00010282572404533316, 0.00010282572404463885, 3.421880989256594e-05]], [[0.03238935321974514, 0.006918204629772738, 0.0069182046297725855, 5.5606919929366525e-05, 0.0069182046297722845, 5.560691992923416e-05, 5.5606919929366525e-05, -0.000578026809630473], [0.006918204629772738, 0.0036172532840290797, 0.0005255561833358409, 0.000237956942355325, 0.000525556183334366, 0.00023795694235531558, -0.00042135685386651364, -4.266687085880352e-05], [0.0069182046297725855, 0.0005255561833358409, 0.0036172532840284114, 0.00023795694235508394, 0.0005255561833337608, -0.0004213568538668541, 0.00023795694235495156, -4.26668708586097e-05], [5.5606919929366525e-05, 0.000237956942355325, 0.00023795694235508394, -5.814706908020413e-05, -0.0004213568538669108, 4.740823672310547e-05, 4.7408236723181094e-05, 2.9168276519692028e-05], [0.0069182046297722845, 0.000525556183334366, 0.0005255561833337608, -0.0004213568538669108, 0.0036172532840304705, 0.00023795694235527302, 0.00023795694235554253, -4.266687085879052e-05], [5.560691992923416e-05, 0.00023795694235531558, -0.0004213568538668541, 4.740823672310547e-05, 0.00023795694235527302, -5.814706908092616e-05, 4.74082367244291e-05, 2.916827651901012e-05], [5.5606919929366525e-05, -0.00042135685386651364, 0.00023795694235495156, 4.7408236723181094e-05, 0.00023795694235554253, 4.74082367244291e-05, -5.81470690811401e-05, 2.9168276519205112e-05], [-0.000578026809630473, -4.266687085880352e-05, -4.26668708586097e-05, 2.9168276519692028e-05, -4.266687085879052e-05, 2.916827651901012e-05, 2.9168276519205112e-05, 6.655529038648611e-05]], [[0.022562725787158046, 0.005016495268182041, 0.005016495268181952, 0.0001119958330001273, 0.0050164952681819135, 0.00011199583300007624, 0.00011199583300012091, -0.00036806398125603624, 0.005016495268181811, 0.00011199583300011453, 0.00011199583300011451, -0.0003680639812560203, 0.00011199583300008899, -0.00036806398125602675, -0.00036806398125601233, -0.0003216874685905966], [0.005016495268182041, 0.003391878370714671, 0.00041163950124599197, 0.00032828297276612075, 0.0004116395012447215, 0.00032828297276606003, -0.00029148746103284894, 3.0497474741861484e-05, 0.00041163950124648355, 0.00032828297276585257, -0.0002914874610328808, 3.0497474741808812e-05, -0.00029148746103273396, 3.049747474174218e-05, -0.00022111057702457398, -2.9882990163568677e-05], [0.005016495268181952, 0.00041163950124599197, 0.003391878370715068, 0.00032828297276579196, 0.00041163950124597284, -0.00029148746103272767, 0.00032828297276592917, 3.0497474741986363e-05, 0.0004116395012448268, -0.0002914874610328426, 0.00032828297276592597, 3.0497474741947264e-05, -0.000291487461032766, -0.00022111057702446226, 3.049747474192772e-05, -2.9882990163487887e-05], [0.0001119958330001273, 0.00032828297276612075, 0.00032828297276579196, -2.0702951576651087e-05, -0.00029148746103280427, -9.31771532382167e-06, -9.317715324523542e-06, 1.1137197238525914e-05, -0.0002914874610327213, -9.317715324295303e-06, -9.317715323549543e-06, 1.1137197238421378e-05, -5.450094407135693e-08, 1.25965149418806e-05, 1.2596514941763688e-05, 1.1236896829229988e-05], [0.0050164952681819135, 0.0004116395012447215, 0.00041163950124597284, -0.00029148746103280427, 0.003391878370716206, 0.0003282829727659067, 0.000328282972765894, 3.049747474179843e-05, 0.0004116395012451174, -0.00029148746103279153, -0.0002914874610326063, -0.0002211105770244655, 0.0003282829727659005, 3.0497474741914152e-05, 3.0497474741900593e-05, -2.9882990163661657e-05], [0.00011199583300007624, 0.00032828297276606003, -0.00029148746103272767, -9.31771532382167e-06, 0.0003282829727659067, -2.0702951577499783e-05, -9.317715323612985e-06, 1.113719723813967e-05, -0.0002914874610328936, -9.317715324440144e-06, -5.450094376489961e-08, 1.2596514941798403e-05, -9.31771532353837e-06, 1.1137197237824443e-05, 1.2596514942101252e-05, 1.12368968291035e-05], [0.00011199583300012091, -0.00029148746103284894, 0.00032828297276592917, -9.317715324523542e-06, 0.000328282972765894, -9.317715323612985e-06, -2.070295157549541e-05, 1.1137197238458085e-05, -0.0002914874610326446, -5.450094451186788e-08, -9.317715324342786e-06, 1.2596514941558594e-05, -9.317715324207522e-06, 1.2596514941835511e-05, 1.1137197238079017e-05, 1.1236896829151384e-05], [-0.00036806398125603624, 3.0497474741861484e-05, 3.0497474741986363e-05, 1.1137197238525914e-05, 3.049747474179843e-05, 1.113719723813967e-05, 1.1137197238458085e-05, 4.033017768156269e-06, -0.0002211105770244942, 1.2596514941711416e-05, 1.2596514941767676e-05, 2.2207640940796533e-05, 1.2596514941476396e-05, 2.220764094055752e-05, 2.2207640941891035e-05, 1.6575820146395194e-05], [0.005016495268181811, 0.00041163950124648355, 0.0004116395012448268, -0.0002914874610327213, 0.0004116395012451174, -0.0002914874610328936, -0.0002914874610326446, -0.0002211105770244942, 0.0033918783707159715, 0.00032828297276588125, 0.00032828297276589404, 3.04974747418152e-05, 0.0003282829727660249, 3.049747474190019e-05, 3.049747474191495e-05, -2.988299016358903e-05], [0.00011199583300011453, 0.00032828297276585257, -0.0002914874610328426, -9.317715324295303e-06, -0.00029148746103279153, -9.317715324440144e-06, -5.450094451186788e-08, 1.2596514941711416e-05, 0.00032828297276588125, -2.0702951575242603e-05, -9.317715323660068e-06, 1.1137197238364713e-05, -9.317715324537907e-06, 1.113719723805109e-05, 1.259651494178324e-05, 1.123689682908754e-05], [0.00011199583300011451, -0.0002914874610328808, 0.00032828297276592597, -9.317715323549543e-06, -0.0002914874610326063, -5.450094376489961e-08, -9.317715324342786e-06, 1.2596514941767676e-05, 0.00032828297276589404, -9.317715323660068e-06, -2.0702951577355323e-05, 1.113719723813488e-05, -9.31771532391145e-06, 1.2596514942097661e-05, 1.1137197237963306e-05, 1.1236896829128639e-05], [-0.0003680639812560203, 3.0497474741808812e-05, 3.0497474741947264e-05, 1.1137197238421378e-05, -0.0002211105770244655, 1.2596514941798403e-05, 1.2596514941558594e-05, 2.2207640940796533e-05, 3.04974747418152e-05, 1.1137197238364713e-05, 1.113719723813488e-05, 4.033017769221657e-06, 1.2596514941728175e-05, 2.2207640940859973e-05, 2.2207640940520414e-05, 1.6575820146407564e-05], [0.00011199583300008899, -0.00029148746103273396, -0.000291487461032766, -5.450094407135693e-08, 0.0003282829727659005, -9.31771532353837e-06, -9.317715324207522e-06, 1.2596514941476396e-05, 0.0003282829727660249, -9.317715324537907e-06, -9.31771532391145e-06, 1.2596514941728175e-05, -2.0702951576253818e-05, 1.1137197238312843e-05, 1.1137197238372697e-05, 1.1236896829176124e-05], [-0.00036806398125602675, 3.049747474174218e-05, -0.00022111057702446226, 1.25965149418806e-05, 3.0497474741914152e-05, 1.1137197237824443e-05, 1.2596514941835511e-05, 2.220764094055752e-05, 3.049747474190019e-05, 1.113719723805109e-05, 1.2596514942097661e-05, 2.2207640940859973e-05, 1.1137197238312843e-05, 4.033017769492516e-06, 2.2207640940333677e-05, 1.657582014639919e-05], [-0.00036806398125601233, -0.00022111057702457398, 3.049747474192772e-05, 1.2596514941763688e-05, 3.0497474741900593e-05, 1.2596514942101252e-05, 1.1137197238079017e-05, 2.2207640941891035e-05, 3.049747474191495e-05, 1.259651494178324e-05, 1.1137197237963306e-05, 2.2207640940520414e-05, 1.1137197238372697e-05, 2.2207640940333677e-05, 4.033017768716047e-06, 1.6575820146382824e-05], [-0.0003216874685905966, -2.9882990163568677e-05, -2.9882990163487887e-05, 1.1236896829229988e-05, -2.9882990163661657e-05, 1.12368968291035e-05, 1.1236896829151384e-05, 1.6575820146395194e-05, -2.988299016358903e-05, 