{"r1": 0.5099999999999999, "r2": 0.5099999999999999, "theta": 0.1, "sequence": [[[0.7551594305737223, 0.00022258617927550767], [0.00022258617927550767, 0.24502961405196044]], [[0.5702011018770231, 0.00016804242518594358, 0.00016804242518591913, 9.905301831290908e-08], [0.00016804242518594358, 0.1850767043444975, 9.879866355442431e-08, 5.4663030588828205e-05], [0.00016804242518591913, 9.879866355442431e-08, 0.18507670434449744, 5.466303058868692e-05], [9.905301831290908e-08, 5.4663030588828205e-05, 5.466303058868692e-05, 0.05979856269053072]], [[0.4305377414972556, 0.00012688826608185877, 0.00012688826608182806, 7.48663855346082e-08, 0.0001268882660818396, 7.486638553220698e-08, 7.486638552931888e-08, 3.6126922284523004e-11], [0.00012688826608185877, 0.13973129098414142, 7.493435404064224e-08, 4.1214775844884176e-05, 7.493435412929278e-08, 4.121477584482963e-05, -3.028926479990598e-11, 2.429985069608769e-08], [0.00012688826608182806, 7.493435404064224e-08, 0.1397312909841414, 4.12147758448425e-05, 7.49343541785471e-08, -3.028911558609335e-11, 4.1214775844908645e-05, 2.4299850717072835e-08], [7.48663855346082e-08, 4.1214775844884176e-05, 4.12147758448425e-05, 0.04527417957656617, -3.028920599818432e-11, 2.4342674873621414e-08, 2.4342674886136813e-08, 1.335597385886681e-05], [0.0001268882660818396, 7.493435412929278e-08, 7.49343541785471e-08, -3.028920599818432e-11, 0.1397312909841413, 4.1214775844826686e-05, 4.121477584488495e-05, 2.4299850699864938e-08], [7.486638553220698e-08, 4.121477584482963e-05, -3.028911558609335e-11, 2.4342674873621414e-08, 4.1214775844826686e-05, 0.04527417957656631, 2.434267472331781e-08, 1.3355973858819773e-05], [7.486638552931888e-08, -3.028926479990598e-11, 4.1214775844908645e-05, 2.4342674886136813e-08, 4.121477584488495e-05, 2.434267472331781e-08, 0.04527417957656632, 1.3355973858816627e-05], [3.6126922284523004e-11, 2.429985069608769e-08, 2.4299850717072835e-08, 1.335597385886681e-05, 2.4299850699864938e-08, 1.3355973858819773e-05, 1.3355973858816627e-05, 0.014664638156938024]], [[0.32490948179742996, 9.576208303587723e-05, 9.576208303587037e-05, 5.61860918205621e-08, 9.576208303586986e-05, 5.6186091823510905e-08, 5.618609182156509e-08, 3.642069384689439e-11, 9.576208303586533e-05, 5.618609182178299e-08, 5.618609181815936e-08, 3.642069206597146e-11, 5.61860918217335e-08, 3.642069252314616e-11, 3.6420690671624354e-11, -5.873291475222419e-12], [9.576208303587723e-05, 0.10543886553313148, 5.644274741615799e-08, 3.1078543101579825e-05, 5.6442747389875925e-08, 3.107854310155993e-05, 2.0015218242905718e-11, 1.8324134002546474e-08, 5.644274747251815e-08, 3.107854310160051e-05, 2.0015211018393925e-11, 1.8324134012714394e-08, 2.0015209019743337e-11, 1.8324134045994278e-08, 4.613758067810072e-12, 1.1143117709846835e-11], [9.576208303587037e-05, 5.644274741615799e-08, 0.10543886553313149, 3.107854310156696e-05, 5.644274743100086e-08, 2.0015216152444854e-11, 3.107854310156712e-05, 1.8324134000098983e-08, 5.644274742684431e-08, 2.001520622084783e-11, 3.1078543101557876e-05, 1.832413402123061e-08, 2.0015204333379258e-11, 4.613730564745764e-12, 1.8324134021560713e-08, 1.1143126168376751e-11], [5.61860918205621e-08, 3.1078543101579825e-05, 3.107854310156696e-05, 0.03421217142016519, 2.001522724545876e-11, 1.8374758178747536e-08, 1.837475815984138e-08, 1.0064062809554087e-05, 2.0015189360554908e-11, 1.8374758181608225e-08, 1.837475820660428e-08, 1.0064062809567986e-05, 1.0678593818285419e-11, 3.376533708848397e-12, 3.3765538583708275e-12, 5.879282609935244e-09], [9.576208303586986e-05, 5.6442747389875925e-08, 5.644274743100086e-08, 2.001522724545876e-11, 0.10543886553313148, 3.107854310157213e-05, 3.10785431015919e-05, 1.8324134040495827e-08, 5.644274743002016e-08, 2.0015205149937275e-11, 2.001519531519727e-11, 4.613734018349383e-12, 3.107854310156683e-05, 1.8324134009254505e-08, 1.832413401822732e-08, 1.1143155866918681e-11], [5.6186091823510905e-08, 3.107854310155993e-05, 2.0015216152444854e-11, 1.8374758178747536e-08, 3.107854310157213e-05, 0.03421217142016526, 1.8374758158589724e-08, 1.0064062809610264e-05, 2.0015226362096206e-11, 1.8374758120072234e-08, 1.0678615314350937e-11, 3.3765757329495543e-12, 1.8374758195148668e-08, 1.0064062809574653e-05, 3.3765292910120594e-12, 5.879282615592995e-09], [5.618609182156509e-08, 2.0015218242905718e-11, 3.107854310156712e-05, 1.837475815984138e-08, 3.10785431015919e-05, 1.8374758158589724e-08, 0.03421217142016523, 1.0064062809614904e-05, 2.001519593315327e-11, 1.0678638678561706e-11, 1.8374758161145642e-08, 3.3765442449188283e-12, 1.8374758172830038e-08, 3.376558834101958e-12, 1.0064062809586839e-05, 5.879282617765136e-09], [3.642069384689439e-11, 1.8324134002546474e-08, 1.8324134000098983e-08, 1.0064062809554087e-05, 1.8324134040495827e-08, 1.0064062809610264e-05, 1.0064062809614904e-05, 0.011147082262623708, 4.613752887703125e-12, 3.376554464026102e-12, 3.3765461313557993e-12, 5.792023499070603e-09, 3.376541006247497e-12, 5.792023480844469e-09, 5.792023449470384e-09, 3.539722051307451e-06], [9.576208303586533e-05, 5.644274747251815e-08, 5.644274742684431e-08, 2.0015189360554908e-11, 5.644274743002016e-08, 2.0015226362096206e-11, 2.001519593315327e-11, 4.613752887703125e-12, 0.1054388655331314, 3.107854310155692e-05, 3.107854310160135e-05, 1.8324134026541075e-08, 3.1078543101594495e-05, 1.83241340127675e-08, 1.8324134005039226e-08, 1.1143132266097243e-11], [5.618609182178299e-08, 3.107854310160051e-05, 2.001520622084783e-11, 1.8374758181608225e-08, 2.0015205149937275e-11, 1.8374758120072234e-08, 1.0678638678561706e-11, 3.376554464026102e-12, 3.107854310155692e-05, 0.03421217142016531, 1.8374758140503188e-08, 1.006406280959641e-05, 1.837475817619745e-08, 1.0064062809594215e-05, 3.3765464575316097e-12, 5.879282612412976e-09], [5.618609181815936e-08, 2.0015211018393925e-11, 3.1078543101557876e-05, 1.837475820660428e-08, 2.001519531519727e-11, 1.0678615314350937e-11, 1.8374758161145642e-08, 3.3765461313557993e-12, 3.107854310160135e-05, 1.8374758140503188e-08, 0.03421217142016521, 1.0064062809580569e-05, 1.8374758191815213e-08, 3.3765569011146914e-12, 1.006406280962084e-05, 5.879282613940309e-09], [3.642069206597146e-11, 1.8324134012714394e-08, 1.832413402123061e-08, 1.0064062809567986e-05, 4.613734018349383e-12, 3.3765757329495543e-12, 3.3765442449188283e-12, 5.792023499070603e-09, 1.8324134026541075e-08, 1.006406280959641e-05, 1.0064062809580569e-05, 0.011147082262623755, 3.3765607015334724e-12, 5.7920234698022116e-09, 5.7920234509060985e-09, 3.5397220513029217e-06], [5.61860918217335e-08, 2.0015209019743337e-11, 2.0015204333379258e-11, 1.0678593818285419e-11, 3.107854310156683e-05, 1.8374758195148668e-08, 1.8374758172830038e-08, 3.376541006247497e-12, 3.1078543101594495e-05, 1.837475817619745e-08, 1.8374758191815213e-08, 3.3765607015334724e-12, 0.034212171420165235, 1.0064062809607173e-05, 1.006406280958621e-05, 5.879282620691844e-09], [3.642069252314616e-11, 1.8324134045994278e-08, 4.613730564745764e-12, 3.376533708848397e-12, 1.8324134009254505e-08, 1.0064062809574653e-05, 3.376558834101958e-12, 5.792023480844469e-09, 1.83241340127675e-08, 1.0064062809594215e-05, 3.3765569011146914e-12, 5.7920234698022116e-09, 1.0064062809607173e-05, 0.011147082262623708, 5.792023479335291e-09, 3.539722051309808e-06], [3.6420690671624354e-11, 4.613758067810072e-12, 1.8324134021560713e-08, 3.3765538583708275e-12, 1.832413401822732e-08, 3.3765292910120594e-12, 1.0064062809586839e-05, 5.792023449470384e-09, 1.8324134005039226e-08, 3.3765464575316097e-12, 1.006406280962084e-05, 5.7920234509060985e-09, 1.006406280958621e-05, 5.792023479335291e-09, 0.01114708226262375, 3.5397220513050473e-06], [-5.873291475222419e-12, 1.1143117709846835e-11, 1.1143126168376751e-11, 5.879282609935244e-09, 1.1143155866918681e-11, 5.879282615592995e-09, 5.879282617765136e-09, 3.539722051307451e-06, 1.1143132266097243e-11, 5.879282612412976e-09, 5.879282613940309e-09, 3.5397220513029217e-06, 5.879282620691844e-09, 