{"r1": 0.9099999999999999, "r2": 0.9099999999999999, "theta": 179.0, "sequence": [[[0.04523757468694799, 0.003969712067334704], [0.003969712067334704, 0.04516828838219035]], [[0.0011487493226176068, 0.000367248020774898, 0.0003672480207748989, 1.246435793150346e-07], [0.000367248020774898, 0.043096686826789986, -1.383717196027798e-07, 1.1180993080984623e-06], [0.0003672480207748989, -1.383717196027798e-07, 0.04309668682678983, 1.1180993079027729e-06], [1.246435793150346e-07, 1.1180993080984623e-06, 1.1180993079027729e-06, 0.0011423201401210509]], [[5.952044851276858e-05, 9.757613441810801e-06, 9.757613441808498e-06, 6.891480619265707e-07, 9.757613441811091e-06, 6.891480619447289e-07, 6.891480619448819e-07, -1.532387772006551e-08], [9.757613441810801e-06, 0.0019486841899136063, -9.367021616900517e-06, 0.00017046314616022754, -9.36674381764399e-06, 0.00017046314576778902, -4.644383351708481e-08, -2.2577912200029067e-06], [9.757613441808498e-06, -9.367021616900517e-06, 0.0019486839424802626, 0.00017046314667987057, -9.366496383589524e-06, -4.64443533236395e-08, 0.00017046314576784423, -2.2577912200877854e-06], [6.891480619265707e-07, 0.00017046314616022754, 0.00017046314667987057, 0.0019427609061845688, -4.6444745624542206e-08, -1.2313930786532062e-05, -1.2314040158839759e-05, -6.501731264093712e-06], [9.757613441811091e-06, -9.36674381764399e-06, -9.366496383589524e-06, -4.6444745624542206e-08, 0.0019486836646810824, 0.0001704631466800037, 0.00017046314616013332, -2.2577912200398602e-06], [6.891480619447289e-07, 0.00017046314576778902, -4.64443533236395e-08, -1.2313930786532062e-05, 0.0001704631466800037, 0.001942761083593101, -1.2314217567115619e-05, -6.5017312636502625e-06], [6.891480619448819e-07, -4.644383351708481e-08, 0.00017046314576784423, -1.2314040158839759e-05, 0.00017046314616013332, -1.2314217567115619e-05, 0.0019427611929653005, -6.501731263665054e-06], [-1.532387772006551e-08, -2.2577912200029067e-06, -2.2577912200877854e-06, -6.501731264093712e-06, -2.2577912200398602e-06, -6.5017312636502625e-06, -6.501731263665054e-06, 5.943584531247822e-05]], [[4.443717294411561e-06, 3.6404553059397446e-07, 3.640455306003645e-07, 8.03046454696742e-08, 3.640455305963529e-07, 8.030464546243179e-08, 8.030464546244044e-08, -7.83104808029042e-10, 3.640455305960713e-07, 8.030464546243126e-08, 8.030464546243994e-08, -7.831048080747676e-10, 8.03046454624394e-08, -7.831048085794191e-10, -7.831048080063151e-10, 1.847278104898966e-10], [3.6404553059397446e-07, 5.088700926143282e-05, 1.913126161437465e-07, 1.890306598098204e-05, 1.9131261625450378e-07, 1.8903065980978783e-05, 3.247276278951722e-09, 7.274103155205582e-08, 1.913126162096096e-07, 1.8903065980988422e-05, 3.2472762116355237e-09, 7.274103156921273e-08, 3.247276238783849e-09, 7.274103164971334e-08, 1.9879209460460727e-10, -4.856104232212151e-09], [3.640455306003645e-07, 1.913126161437465e-07, 5.088700926145793e-05, 1.8903065980982253e-05, 1.9131261616250007e-07, 3.2472761676629208e-09, 1.8903065980896855e-05, 7.274103168531653e-08, 1.913126163800865e-07, 3.247276140171725e-09, 1.8903065980955497e-05, 7.27410316410443e-08, 3.247276130700089e-09, 1.9879196012166947e-10, 7.274103159119626e-08, -4.8561041403413775e-09], [8.03046454696742e-08, 1.890306598098204e-05, 1.8903065980982253e-05, 0.0018546751536226494, 3.2472762156851597e-09, 1.4142450424069033e-07, 1.41424504174742e-07, 3.153129406083532e-06, 3.24727614610462e-09, 1.414245040198897e-07, 1.4142450408883765e-07, 3.153129406145015e-06, -8.945336074685711e-10, -7.833205879752967e-11, -7.833213373233003e-11, -1.0936368481590738e-07], [3.640455305963529e-07, 1.9131261625450378e-07, 1.9131261616250007e-07, 3.2472762156851597e-09, 5.0887009261156785e-05, 1.8903065980951133e-05, 1.8903065980881256e-05, 7.274103169279907e-08, 1.913126164070539e-07, 3.247276286802923e-09, 3.2472761943498154e-09, 1.9879212672628507e-10, 1.890306598100471e-05, 7.274103160736841e-08, 7.274103165985125e-08, -4.856104311870015e-09], [8.030464546243179e-08, 1.8903065980978783e-05, 3.2472761676629208e-09, 1.4142450424069033e-07, 1.8903065980951133e-05, 0.0018546751536230753, 1.414245043965389e-07, 3.153129406082423e-06, 3.2472762275223004e-09, 1.4142450407712252e-07, -8.945344286717692e-10, -7.83320283830761e-11, 1.4142450403713256e-07, 3.153129406052548e-06, -7.833198473016208e-11, -1.0936368497391176e-07], [8.030464546244044e-08, 3.247276278951722e-09, 1.8903065980896855e-05, 1.41424504174742e-07, 1.8903065980881256e-05, 1.414245043965389e-07, 0.0018546751536232579, 3.1531294060880386e-06, 3.247276274331046e-09, -8.945343016713265e-10, 1.4142450408219132e-07, -7.83320635158971e-11, 1.4142450409696932e-07, -7.833204088172608e-11, 3.1531294061330232e-06, -1.0936368497104169e-07], [-7.83104808029042e-10, 7.274103155205582e-08, 7.274103168531653e-08, 3.153129406083532e-06, 7.274103169279907e-08, 3.153129406082423e-06, 3.1531294060880386e-06, 5.0312227591248035e-05, 1.987920048716937e-10, -7.833201186470085e-11, -7.833204914154259e-11, 1.576469270700396e-09, -7.833202443078138e-11, 1.5764692063860144e-09, 1.5764691267047392e-09, -3.9192166937862816e-08], [3.640455305960713e-07, 1.913126162096096e-07, 1.913126163800865e-07, 3.24727614610462e-09, 1.913126164070539e-07, 3.2472762275223004e-09, 3.247276274331046e-09, 1.987920048716937e-10, 5.0887009261106614e-05, 1.8903065980934287e-05, 1.8903065980962215e-05, 7.274103159286553e-08, 1.8903065980947802e-05, 7.274103171673263e-08, 7.274103160170294e-08, -4.856104254295293e-09], [8.030464546243126e-08, 1.8903065980988422e-05, 3.247276140171725e-09, 1.414245040198897e-07, 3.247276286802923e-09, 1.4142450407712252e-07, -8.945343016713265e-10, -7.833201186470085e-11, 1.8903065980934287e-05, 0.001854675153623088, 1.414245043729932e-07, 3.153129406066134e-06, 1.41424504151556e-07, 3.153129406131984e-06, -7.833205412471684e-11, -1.09363684973628e-07], [8.030464546243994e-08, 3.2472762116355237e-09, 1.8903065980955497e-05, 1.4142450408883765e-07, 3.2472761943498154e-09, -8.945344286717692e-10, 1.4142450408219132e-07, -7.833204914154259e-11, 1.8903065980962215e-05, 1.414245043729932e-07, 0.0018546751536232203, 3.153129406090464e-06, 1.4142450428550364e-07, -7.833206611385128e-11, 3.1531294061311517e-06, -1.0936368497422044e-07], [-7.831048080747676e-10, 7.274103156921273e-08, 7.27410316410443e-08, 3.153129406145015e-06, 1.9879212672628507e-10, -7.83320283830761e-11, -7.83320635158971e-11, 1.576469270700396e-09, 7.274103159286553e-08, 3.153129406066134e-06, 3.153129406090464e-06, 5.031222759140818e-05, -7.83320434115724e-11, 1.576469209341666e-09, 1.576469067501283e-09, -3.9192166945880426e-08], [8.03046454624394e-08, 3.247276238783849e-09, 3.247276130700089e-09, -8.945336074685711e-10, 1.890306598100471e-05, 1.4142450403713256e-07, 1.4142450409696932e-07, -7.833202443078138e-11, 1.8903065980947802e-05, 1.41424504151556e-07, 1.4142450428550364e-07, -7.83320434115724e-11, 0.0018546751536226115, 3.1531294061496594e-06, 3.1531294060736204e-06, -1.0936368497643476e-07], [-7.831048085794191e-10, 7.274103164971334e-08, 1.9879196012166947e-10, -7.833205879752967e-11, 7.274103160736841e-08, 3.153129406052548e-06, -7.833204088172608e-11, 1.5764692063860144e-09, 7.274103171673263e-08, 3.153129406131984e-06, -7.833206611385128e-11, 1.576469209341666e-09, 3.1531294061496594e-06, 5.031222759143379e-05, 1.5764688816586318e-09, -3.919216692141859e-08], [-7.831048080063151e-10, 1.9879209460460727e-10, 7.274103159119626e-08, -7.833213373233003e-11, 7.274103165985125e-08, -7.833198473016208e-11, 3.1531294061330232e-06, 1.5764691267047392e-09, 7.274103160170294e-08, -7.833205412471684e-11, 3.1531294061311517e-06, 1.576469067501283e-09, 3.1531294060736204e-06, 1.5764688816586318e-09, 5.031222759162188e-05, -3.919216692969048e-08], [1.847278104898966e-10, -4.856104232212151e-09, -4.8561041403413775e-09, -1.0936368481590738e-07, -4.856104311870015e-09, -1.0936368497391176e-07, -1.0936368497104169e-07, -3.9192166937862816e-08, -4.856104254295293e-09, 