{"r1": 0.9099999999999999, "r2": 0.9099999999999999, "theta": 44.825, "sequence": [[[0.5240377441348031, 0.104007741779219], [0.104007741779219, 0.019666702770446264]], [[0.3293818395649915, 0.0677372557328698, 0.06773725573286937, 0.0014518332350042327], [0.0677372557328698, 0.035172476562833524, -0.007756847997312409, -7.620298721904711e-05], [0.06773725573286937, -0.007756847997312409, 0.035172476562833836, -7.620298721907836e-05], [0.0014518332350042327, -7.620298721904711e-05, -7.620298721907836e-05, 0.0012689972677595695]], [[0.21770391944614306, 0.046253884768127744, 0.04625388476812804, 0.0013330001659381196, 0.0462538847681279, 0.0013330001659381018, 0.0013330001659381135, -0.003249538400699382], [0.046253884768127744, 0.027390210532466982, 0.0013927401006694651, 0.0020254970195207863, 0.001392739838442059, 0.002025496967289757, -0.003274605917704728, -0.00023661078983519464], [0.04625388476812804, 0.0013927401006694651, 0.027390210729425164, 0.002025496926471291, 0.0013927396414837817, -0.0032746058246556093, 0.002025496967289853, -0.00023661078983544222], [0.0013330001659381196, 0.0020254970195207863, 0.002025496926471291, 0.00017926997071895313, -0.0032746058768860957, -0.00011609031572271777, -0.00011609035359624339, 0.0002515888011745492], [0.0462538847681279, 0.001392739838442059, 0.0013927396414837817, -0.0032746058768860957, 0.02739021099165243, 0.002025496926471124, 0.002025497019520542, -0.00023661078983511742], [0.0013330001659381018, 0.002025496967289757, -0.0032746058246556093, -0.00011609031572271777, 0.002025496926471124, 0.00017927036255085794, -0.00011609074542726334, 0.00025158880117474], [0.0013330001659381135, -0.003274605917704728, 0.002025496967289853, -0.00011609035359624339, 0.002025497019520542, -0.00011609074542726334, 0.00017927040042448262, 0.00025158880117483537], [-0.003249538400699382, -0.00023661078983519464, -0.00023661078983544222, 0.0002515888011745492, -0.00023661078983511742, 0.00025158880117474, 0.00025158880117483537, -0.0002516810960797388]], [[0.14793849281868718, 0.031947677205787964, 0.031947677205788214, 0.0018295680337367009, 0.0319476772057881, 0.0018295680337365703, 0.0018295680337367104, -0.0016278060480914307, 0.03194767720578805, 0.001829568033736626, 0.0018295680337366172, -0.0016278060480913654, 0.0018295680337367753, -0.001627806048091449, -0.0016278060480913934, -0.0013505599498451612], [0.031947677205787964, 0.016624320023291225, 0.004167124850144928, 0.0017229493838169998, 0.004167124946521101, 0.0017229493027584913, -0.0008418461594709364, -0.00016596990547898977, 0.0041671248682078775, 0.0017229494019806797, -0.0008418460602487384, -0.00016596988560315344, -0.0008418461413077032, -0.0001659699132141151, -4.280478999520574e-05, -0.0001228708432196762], [0.031947677205788214, 0.004167124850144928, 0.01662431989568404, 0.0017229493799043984, 0.004167124873288461, -0.0008418460984663125, 0.0017229493598502719, -0.0001659699194591347, 0.004167125069047658, -0.0008418461173408357, 0.0017229493409757861, -0.00016596990372534255, -0.0008418461373950278, -4.2804757892594487e-05, -0.00016596991321424554, -0.00012287084321957608], [0.0018295680337367009, 0.0017229493838169998, 0.0017229493799043984, 0.001210576367002912, -0.0008418461795252124, -0.00029291214512741783, -0.00029291226475314567, 7.386436329993187e-05, -0.0008418460991775091, -0.00029291230132335585, -0.0002929124209469502, 7.38642739952254e-05, 9.096306425431469e-06, 7.61695893480473e-05, 7.616961863691277e-05, 6.726900573575219e-05], [0.0319476772057881, 0.004167124946521101, 0.004167124873288461, -0.0008418461795252124, 0.01662431994368633, 0.0017229493951669186, 0.0017229494561714115, -0.00016596990025375842, 0.004167124924669082, -0.0008418462136618544, -0.0008418461526571934, -4.2804804709231825e-05, 0.0017229494220346584, -0.0001659699037255568, -0.00016596988560310685, -0.00012287084321942], [0.0018295680337365703, 0.0017229493027584913, -0.0008418460984663125, -0.00029291214512741783, 0.0017229493951669186, 0.00121057659730628, -0.0002929123534187516, 7.386434674837591e-05, -0.0008418461144399732, -0.0002929122126553602, 9.096076118718461e-06, 7.616960589939832e-05, -0.00029291242094692694, 7.386427962397938e-05, 7.616961300813085e-05, 6.726900573565437e-05], [0.0018295680337367104, -0.0008418461594709364, 0.0017229493598502719, -0.00029291226475314567, 0.0017229494561714115, -0.0002929123534187516, 0.0012105765266907896, 7.386430480375326e-05, -0.0008418461715316603, 9.096146736751426e-06, -0.00029291221265542077, 7.616967713282587e-05, -0.0002929123013234862, 7.616965495232962e-05, 7.386420839084064e-05, 6.726900573569163e-05], [-0.0016278060480914307, -0.00016596990547898977, -0.0001659699194591347, 7.386436329993187e-05, -0.00016596990025375842, 7.386434674837591e-05, 7.386430480375326e-05, 4.7271593344821066e-05, -4.280476909959047e-05, 7.61696178360632e-05, 7.616957589151973e-05, 1.6514790574916212e-05, 7.616955934028055e-05, 1.6514990007019165e-05, 1.6515091010893327e-05, 9.72017936866271e-06], [0.03194767720578805, 0.0041671248682078775, 0.004167125069047658, -0.0008418460991775091, 0.004167124924669082, -0.0008418461144399732, -0.0008418461715316603, -4.280476909959047e-05, 0.016624319826240106, 0.0017229494140410778, 0.001722949356949279, -0.00016596990025392604, 0.0017229493416872153, -0.00016596991945910217, -0.0001659699054789944, -0.00012287084321955047], [0.001829568033736626, 0.0017229494019806797, -0.0008418461173408357, -0.00029291230132335585, -0.0008418462136618544, -0.0002929122126553602, 9.096146736751426e-06, 7.61696178360632e-05, 0.0017229494140410778, 0.0012105765266910533, -0.0002929123534185606, 7.38642455073353e-05, -0.0002929122647530898, 7.38642676875241e-05, 7.616971424901773e-05, 6.726900573570095e-05], [0.0018295680337366172, -0.0008418460602487384, 0.0017229493409757861, -0.0002929124209469502, -0.0008418461526571934, 9.096076118718461e-06, -0.00029291221265542077, 7.616957589151973e-05, 0.001722949356949279, -0.0002929123534185606, 0.0012105765973063854, 7.386431674032965e-05, -0.0002929121451273201, 7.616964301606533e-05, 7.386430963173218e-05, 6.726900573567299e-05], [-0.0016278060480913654, -0.00016596988560315344, -0.00016596990372534255, 7.38642739952254e-05, -4.2804804709231825e-05, 7.616960589939832e-05, 7.616967713282587e-05, 1.6514790574916212e-05, -0.00016596990025392604, 7.38642455073353e-05, 7.386431674032965e-05, 4.7271715755706124e-05, 7.616964864466093e-05, 1.651506981074374e-05, 1.651488879669985e-05, 9.720179368674355e-06], [0.0018295680337367753, -0.0008418461413077032, -0.0008418461373950278, 9.096306425431469e-06, 0.0017229494220346584, -0.00029291242094692694, -0.0002929123013234862, 7.616955934028055e-05, 0.0017229493416872153, -0.0002929122647530898, -0.0002929121451273201, 7.616964864466093e-05, 0.001210576367002148, 7.386433329185765e-05, 7.386430400302013e-05, 6.726900573571958e-05], [-0.001627806048091449, -0.0001659699132141151, -4.2804757892594487e-05, 7.61695893480473e-05, -0.0001659699037255568, 7.386427962397938e-05, 7.616965495232962e-05, 1.6514990007019165e-05, -0.00016596991945910217, 7.38642676875241e-05, 7.616964301606533e-05, 1.651506981074374e-05, 7.386433329185765e-05, 4.72717644429304e-05, 1.6514640676613e-05, 9.720179368637087e-06], [-0.0016278060480913934, -4.280478999520574e-05, -0.00016596991321424554, 7.616961863691277e-05, -0.00016596988560310685, 7.616961300813085e-05, 7.386420839084064e-05, 1.6515091010893327e-05, -0.0001659699054789944, 7.616971424901773e-05, 7.386430963173218e-05, 1.651488879669985e-05, 7.386430400302013e-05, 1.6514640676613e-05, 4.727184445318457e-05, 9.720179368676682e-06], [-0.0013505599498451612, -0.0001228708432196762, -0.00012287084321957608, 6.726900573575219e-05, -0.00012287084321942, 6.726900573565437e-05, 6.726900573569163e-05, 9.72017936866271e-06, -0.00012287084321955047, 6.726900573570095e-05, 6.726900573567299e-05, 9.720179368674355e-06, 6.726900573571958e-05, 9.720179368637087e-06, 9.720179368676682e-06, 