{"r1": 0.18999999999999995, "r2": 0.18999999999999995, "theta": 89.55, "sequence": [[[0.4809756374472187, 0.04749991586978539], [0.04749991586978539, 0.3852267333230096]], [[0.2458308405381311, 0.037214443834971474, 0.037214443834970176, -0.011594485207917492], [0.037214443834971474, 0.22817974369180546, -0.01280084127027408, 0.003985146219181691], [0.037214443834970176, -0.01280084127027408, 0.22817974369180222, 0.003985146219183456], [-0.011594485207917492, 0.003985146219181691, 0.003985146219183456, 0.16278194444506977]], [[0.12299203963431507, 0.019344845944373218, 0.0193448459443732, -0.0012344734736917926, 0.01934484594437319, -0.0012344734736917911, -0.0012344734736917955, -0.0018696452632839256], [0.019344845944373218, 0.11439890105773698, -0.0014527424200288992, 0.009461651201602531, -0.0014527424200287944, 0.00946165120160253, -0.001984408696791384, -0.0028512065495227665], [0.0193448459443732, -0.0014527424200288992, 0.11439890105773697, 0.009461651201602563, -0.0014527424200289861, -0.001984408696791351, 0.009461651201602505, -0.002851206549522792], [-0.0012344734736917926, 0.009461651201602531, 0.009461651201602563, 0.08982521236342715, -0.0019844086967913954, -0.0029538070813194144, -0.0029538070813193676, 0.002807252101744235], [0.01934484594437319, -0.0014527424200287944, -0.0014527424200289861, -0.0019844086967913954, 0.11439890105773698, 0.00946165120160251, 0.009461651201602538, -0.0028512065495227327], [-0.0012344734736917911, 0.00946165120160253, -0.001984408696791351, -0.0029538070813194144, 0.00946165120160251, 0.08982521236342719, -0.0029538070813193286, 0.002807252101744343], [-0.0012344734736917955, -0.001984408696791384, 0.009461651201602505, -0.0029538070813193676, 0.009461651201602538, -0.0029538070813193286, 0.08982521236342711, 0.0028072521017443192], [-0.0018696452632839256, -0.0028512065495227665, -0.002851206549522792, 0.002807252101744235, -0.0028512065495227327, 0.002807252101744343, 0.0028072521017443192, 0.06476716943973472]], [[0.06208345129488831, 0.010521459137791863, 0.010521459137791983, 0.00042144284490765557, 0.010521459137792018, 0.0004214428449086238, 0.00042144284490798066, -0.0012654662821880646, 0.010521459137792044, 0.00042144284490784584, 0.0004214428449088288, -0.0012654662821881065, 0.0004214428449079363, -0.0012654662821881513, -0.001265466282188351, 0.0006036310845994977], [0.010521459137791863, 0.05955856722588161, 0.00032845528736024596, 0.007549775199972195, 0.0003284552873602409, 0.007549775199979451, -0.0014200787047765754, -0.0020054958127512052, 0.0003284552873603465, 0.007549775199973527, -0.0014200787047705817, -0.0020054958127512642, -0.0014200787047777275, -0.0020054958127513015, 0.0007907282161113314, 0.0004750387989968227], [0.010521459137791983, 0.00032845528736024596, 0.05955856722588186, 0.007549775199975134, 0.00032845528736049544, -0.001420078704775033, 0.0075497751999752186, -0.0020054958127514516, 0.0003284552873605333, -0.0014200787047752548, 0.00754977519997551, -0.002005495812751512, -0.0014200787047748751, 0.0007907282161113485, -0.002005495812751795, 0.0004750387989971154], [0.00042144284490765557, 0.007549775199972195, 0.007549775199975134, 0.05276423736091796, -0.0014200787047751492, -0.0022174236423496262, -0.002217423642351659, 0.001563946012504493, -0.0014200787047740973, -0.0022174236423538503, -0.002217423642344775, 0.0015639460125029137, 0.0008696387563703827, 0.0006061979803238724, 0.0006061979803196493, -0.0003867188110113114], [0.010521459137792018, 0.0003284552873602409, 0.00032845528736049544, -0.0014200787047751492, 0.05955856722588197, 0.007549775199975147, 0.007549775199975303, -0.0020054958127514915, 0.0003284552873605963, -0.0014200787047750933, -0.0014200787047748853, 0.0007907282161113297, 0.007549775199975453, -0.002005495812751625, -0.0020054958127518497, 0.00047503879899718824], [0.0004214428449086238, 0.007549775199979451, -0.001420078704775033, -0.0022174236423496262, 0.007549775199975147, 0.052764237360931034, -0.002217423642353775, 0.0015639460124970566, -0.0014200787047767695, -0.0022174236423505964, 0.0008696387563714084, 0.0006061979803204595, -0.002217423642357053, 0.0015639460124996342, 0.0006061979803267984, -0.00038671881100924195], [0.00042144284490798066, -0.0014200787047765754, 0.0075497751999752186, -0.002217423642351659, 0.007549775199975303, -0.002217423642353775, 0.05276423736092417, 0.0015639460125029957, -0.001420078704774355, 0.0008696387563705416, -0.002217423642351126, 0.0006061979803230501, -0.0022174236423487636, 0.0006061979803228836, 0.0015639460124996804, -0.0003867188110106307], [-0.0012654662821880646, -0.0020054958127512052, -0.0020054958127514516, 0.001563946012504493, -0.0020054958127514915, 0.0015639460124970566, 0.0015639460125029957, 0.038762281887916535, 0.0007907282161113323, 0.0006061979803241819, 0.0006061979803176783, -0.0004560682194589126, 0.0006061979803250138, -0.00045606821945888277, -0.00045606821945846774, 0.00023559997942232272], [0.010521459137792044, 0.0003284552873603465, 0.0003284552873605333, -0.0014200787047740973, 0.0003284552873605963, -0.0014200787047767695, -0.001420078704774355, 0.0007907282161113323, 0.059558567225881986, 0.0075497751999758075, 0.0075497751999737414, -0.0020054958127515986, 0.007549775199976544, -0.0020054958127516623, -0.002005495812751927, 0.0004750387989972507], [0.00042144284490784584, 0.007549775199973527, -0.0014200787047752548, -0.0022174236423538503, -0.0014200787047750933, -0.0022174236423505964, 0.0008696387563705416, 0.0006061979803241819, 0.0075497751999758075, 0.05276423736092192, -0.002217423642348037, 0.0015639460125023168, -0.002217423642350956, 0.0015639460125021526, 0.0006061979803208914, -0.00038671881101091064], [0.0004214428449088288, -0.0014200787047705817, 0.00754977519997551, -0.002217423642344775, -0.0014200787047748853, 0.0008696387563714084, -0.002217423642351126, 0.0006061979803176783, 0.0075497751999737414, -0.002217423642348037, 0.052764237360916684, 0.001563946012499123, -0.002217423642352179, 0.000606197980320253, 0.0015639460125054135, -0.0003867188110087893], [-0.0012654662821881065, -0.0020054958127512642, -0.002005495812751512, 0.0015639460125029137, 0.0007907282161113297, 0.0006061979803204595, 0.0006061979803230501, -0.0004560682194589126, -0.0020054958127515986, 0.0015639460125023168, 0.001563946012499123, 0.03876228188791664, 0.0006061979803234166, -0.0004560682194587588, -0.0004560682194584001, 0.00023559997942223203], [0.0004214428449079363, -0.0014200787047777275, -0.0014200787047748751, 0.0008696387563703827, 0.007549775199975453, -0.002217423642357053, -0.0022174236423487636, 0.0006061979803250138, 0.007549775199976544, -0.002217423642350956, -0.002217423642352179, 0.0006061979803234166, 0.05276423736092783, 0.001563946012502376, 0.0015639460124981035, -0.0003867188110107202], [-0.0012654662821881513, -0.0020054958127513015, 0.0007907282161113485, 0.0006061979803238724, -0.002005495812751625, 0.0015639460124996342, 0.0006061979803228836, -0.00045606821945888277, -0.0020054958127516623, 0.0015639460125021526, 0.000606197980320253, -0.0004560682194587588, 0.001563946012502376, 0.03876228188791687, -0.0004560682194583556, 0.0002355999794221524], [-0.001265466282188351, 0.0007907282161113314, -0.002005495812751795, 0.0006061979803196493, -0.0020054958127518497, 0.0006061979803267984, 0.0015639460124996804, -0.00045606821945846774, -0.002005495812751927, 0.0006061979803208914, 0.0015639460125054135, -0.0004560682194584001, 0.0015639460124981035, -0.0004560682194583556, 0.038762281887917534, 0.00023559997942171687], [0.0006036310845994977, 0.0004750387989968227, 0.0004750387989971154, -0.0003867188110113114, 0.00047503879899718824, -0.00038671881100924195, -0.0003867188110106307, 0.00023559997942232272, 0.0004750387989972507, -0.00038671881101091064, -0.0003867188110087893, 0.00023559997942223203, -0.0003867188110107202, 0.0002355999794221524, 0.00023559997942171687, 0.026878768485731862]]]}