{"r1": 0.99, "r2": 0.99, "theta": 89.55, "sequence": [[[0.0297879232603388, 0.012426894843662249], [0.012426894843662249, 0.004738161778462584]], [[0.010985671649794342, 0.005244729648735392, 0.005244729648735513, 0.0007175163715056359], [0.005244729648735392, 0.0048380046676991875, -9.091501583052383e-05, 0.00015379895246253519], [0.005244729648735513, -9.091501583052383e-05, 0.004838004667699391, 0.00015379895246263775], [0.0007175163715056359, 0.00015379895246253519, 0.00015379895246263775, 0.00010347969290633903]], [[0.0030750211950493827, 0.002002858053733816, 0.002002858053733816, -7.757814587013355e-05, 0.0020028580537337463, -7.757814587017357e-05, -7.757814587019858e-05, -0.0012261981533458228], [0.002002858053733816, 0.0027300865972115953, 0.0009077692881930978, 0.00035155760354691206, 0.0009077692979490025, 0.00035155758473382875, -0.0005692064396801782, -0.00037686909640271236], [0.002002858053733816, 0.0009077692881930978, 0.002730086503766099, 0.0003515576425068359, 0.0009077693913944335, -0.000569206478640307, 0.00035155758473406874, -0.0003768690964024743], [-7.757814587013355e-05, 0.00035155760354691206, 0.0003515576425068359, -8.742561793055743e-05, -0.0005692064974530503, -5.369315771530207e-05, -5.36933329521162e-05, 4.078521548384305e-06], [0.0020028580537337463, 0.0009077692979490025, 0.0009077693913944335, -0.0005692064974530503, 0.0027300864940097746, 0.00035155764250696593, 0.0003515576035466719, -0.00037686909640273237], [-7.757814587017357e-05, 0.00035155758473382875, -0.000569206478640307, -5.369315771530207e-05, 0.00035155764250696593, -8.742562676709566e-05, -5.369332411597621e-05, 4.078521548074282e-06], [-7.757814587019858e-05, -0.0005692064396801782, 0.00035155758473406874, -5.36933329521162e-05, 0.0003515576035466719, -5.369332411597621e-05, -8.742545152986365e-05, 4.07852154818429e-06], [-0.0012261981533458228, -0.00037686909640271236, -0.0003768690964024743, 4.078521548384305e-06, -0.00037686909640273237, 4.078521548074282e-06, 4.07852154818429e-06, 0.00042969207038918945]], [[0.001010581873061054, 0.0007760157291256852, 0.0007760157291254964, 3.294456730950945e-05, 0.0007760157291255699, 3.294456730954354e-05, 3.294456730949109e-05, -0.0003327041792876366, 0.0007760157291255437, 3.294456730952781e-05, 3.294456730951994e-05, -0.00033270417928761955, 3.294456730950945e-05, -0.0003327041792876241, -0.0003327041792876503, -0.000687755546849667], [0.0007760157291256852, 0.0013313918688252395, 0.0005458913707040078, 0.00029835073394257746, 0.0005458913707034452, 0.0002983507339426666, -6.4969275282672e-05, 9.726096231819759e-06, 0.0005458913707041199, 0.00029835073394255654, -6.496927528272148e-05, 9.726096231745025e-06, -6.496927528272608e-05, 9.726096231793538e-06, -0.0003401309787149035, -0.00026685004712101554], [0.0007760157291254964, 0.0005458913707040078, 0.0013313918688260702, 0.0002983507339424935, 0.0005458913707033265, -6.496927528266938e-05, 0.00029835073394258267, 9.726096231691269e-06, 0.0005458913707033338, -6.496927528251466e-05, 0.00029835073394257746, 9.726096231718803e-06, -6.496927528264807e-05, -0.0003401309787147278, 9.726096231735847e-06, -0.00026685004712110336], [3.294456730950945e-05, 0.00029835073394257746, 0.0002983507339424935, -1.9887384109952e-05, -6.496927528265822e-05, -4.9555066967331395e-05, -4.9555066966954445e-05, 1.5372326951561181e-06, -6.496927528256383e-05, -4.955506696708325e-05, -4.955506696678204e-05, 1.5372326954943928e-06, -6.576610867995058e-05, -1.6476550387214777e-05, -1.6476550386931566e-05, 3.2224591265000524e-05], [0.0007760157291255699, 0.0005458913707034452, 0.0005458913707033265, -6.496927528265822e-05, 0.0013313918688260997, 0.00029835073394264035, 0.00029835073394255643, 9.72609623173847e-06, 0.0005458913707039776, -6.496927528269592e-05, -6.49692752826874e-05, -0.00034013097871468055, 0.0002983507339425774, 9.726096231743714e-06, 9.726096231775183e-06, -0.0002668500471211388], [3.294456730954354e-05, 0.0002983507339426666, -6.496927528266938e-05, -4.9555066967331395e-05, 0.00029835073394264035, -1.9887384110649193e-05, -4.955506696689643e-05, 1.5372326950328714e-06, -6.496927528264873e-05, -4.955506696672041e-05, -6.576610867994533e-05, -1.6476550386970902e-05, -4.9555066966706644e-05, 1.5372326952819883e-06, -1.647655038685028e-05, 3.2224591265079684e-05], [3.294456730949109e-05, -6.4969275282672e-05, 0.00029835073394258267, -4.9555066966954445e-05, 0.00029835073394255643, -4.955506696689643e-05, -1.988738411036735e-05, 1.5372326954052356e-06, -6.496927528269888e-05, -6.576610868006334e-05, -4.9555066966771215e-05, -1.6476550387202976e-05, -4.9555066967048845e-05, -1.6476550387036463e-05, 1.5372326952400316e-06, 3.222459126505248e-05], [-0.0003327041792876366, 9.726096231819759e-06, 9.726096231691269e-06, 1.5372326951561181e-06, 9.72609623173847e-06, 1.5372326950328714e-06, 1.5372326954052356e-06, 3.979699874585513e-05, -0.00034013097871472776, -1.6476550387218704e-05, -1.647655038671392e-05, 2.2977630237869054e-05, -1.6476550387019417e-05, 2.2977630237372127e-05, 2.2977630237427198e-05, 6.242776452091122e-05], [0.0007760157291255437, 0.0005458913707041199, 0.0005458913707033338, -6.496927528256383e-05, 0.0005458913707039776, -6.496927528264873e-05, -6.496927528269888e-05, -0.00034013097871472776, 0.001331391868825373, 0.00029835073394258787, 0.0002983507339426142, 9.726096231683402e-06, 0.000298350733942525, 9.726096231739782e-06, 9.726096231798781e-06, -0.0002668500471210181], [3.294456730952781e-05, 0.00029835073394255654, -6.496927528251466e-05, -4.955506696708325e-05, -6.496927528269592e-05, -4.955506696672041e-05, -6.576610868006334e-05, -1.6476550387218704e-05, 0.00029835073394258787, -1.9887384110352514e-05, -4.955506696686071e-05, 1.537232695392124e-06, -4.9555066967022635e-05, 1.537232695245276e-06, -1.6476550386998438e-05, 3.222459126501151e-05], [3.294456730951994e-05, -6.496927528272148e-05, 0.00029835073394257746, -4.955506696678204e-05, -6.49692752826874e-05, -6.576610867994533e-05, -4.9555066966771215e-05, -1.647655038671392e-05, 0.0002983507339426142, -4.955506696686071e-05, -1.9887384110797532e-05, 1.5372326951797194e-06, -4.955506696733304e-05, -1.6476550387007616e-05, 1.5372326949594472e-06, 3.222459126502117e-05], [-0.00033270417928761955, 9.726096231745025e-06, 9.726096231718803e-06, 1.5372326954943928e-06, -0.00034013097871468055, -1.6476550386970902e-05, -1.6476550387202976e-05, 2.2977630237869054e-05, 9.726096231683402e-06, 1.537232695392124e-06, 1.5372326951797194e-06, 3.9796998745677134e-05, -1.647655038728558e-05, 2.2977630237504552e-05, 2.2977630237596334e-05, 6.242776452100299e-05], [3.294456730950945e-05, -6.496927528272608e-05, -6.496927528264807e-05, -6.576610867995058e-05, 0.0002983507339425774, -4.9555066966706644e-05, -4.9555066967048845e-05, -1.6476550387019417e-05, 0.000298350733942525, -4.9555066967022635e-05, -4.955506696733304e-05, -1.647655038728558e-05, -1.9887384110204175e-05, 1.5372326954734145e-06, 1.5372326952242977e-06, 3.222459126505576e-05], [-0.0003327041792876241, 9.726096231793538e-06, -0.0003401309787147278, -1.6476550387214777e-05, 9.726096231743714e-06, 1.5372326952819883e-06, -1.6476550387036463e-05, 2.2977630237372127e-05, 9.726096231739782e-06, 1.537232695245276e-06, -1.6476550387007616e-05, 2.2977630237504552e-05, 1.5372326954734145e-06, 3.9796998745996065e-05, 2.2977630237727447e-05, 6.242776452094531e-05], [-0.0003327041792876503, -0.0003401309787149035, 9.726096231735847e-06, -1.6476550386931566e-05, 9.726096231775183e-06, -1.647655038685028e-05, 1.5372326952400316e-06, 2.2977630237427198e-05, 9.726096231798781e-06, -1.6476550386998438e-05, 1.5372326949594472e-06, 2.2977630237596334e-05, 1.5372326952242977e-06, 2.2977630237727447e-05, 3.979699874573647e-05, 6.242776452101348e-05], [-0.000687755546849667, -0.00026685004712101554, -0.00026685004712110336, 3.2224591265000524e-05, -0.0002668500471211388, 3.2224591265079684e-05, 3.222459126505248e-05, 6.242776452091122e-05, -0.0002668500471210181, 