{"r1": 0.9099999999999999, "r2": 0.9099999999999999, "theta": 89.55, "sequence": [[[0.20812552335148604, 0.0858264460599204], [0.0858264460599204, 0.03511915050567054]], [[0.08151641155727381, 0.039769943139318586, 0.039769943139318684, 0.001301260453126], [0.039769943139318586, 0.041251356420639096, -0.0018120048785771538, 6.808596775743384e-05], [0.039769943139318684, -0.0018120048785771538, 0.04125135642063928, 6.808596775730062e-05], [0.001301260453126, 6.808596775743384e-05, 6.808596775730062e-05, 0.0012121089258882258]], [[0.027682707370013968, 0.014589134601491093, 0.014589134601491015, 0.0026798575579029048, 0.014589134601491227, 0.002679857557902948, 0.0026798575579028514, -0.002250123760807345], [0.014589134601491093, 0.012743998016317402, 0.005453622200066556, 0.00242764716446488, 0.005453622578381557, 0.0024276470566279027, -0.00047946065382915447, -0.001277489989691749], [0.014589134601491015, 0.005453622200066556, 0.01274399784447782, 0.0024276472156143296, 0.0054536227502209236, -0.0004794607049794067, 0.0024276470566279022, -0.0012774899896911406], [0.0026798575579029048, 0.00242764716446488, 0.0024276472156143296, 0.001141964688537684, -0.00047946081281622467, -0.0002883500008735542, -0.0002883501073626783, 0.00014733659700121203], [0.014589134601491227, 0.005453622578381557, 0.0054536227502209236, -0.00047946081281622467, 0.012743997466162713, 0.002427647215614735, 0.0024276471644643326, -0.0012774899896914231], [0.002679857557902948, 0.0024276470566279027, -0.0004794607049794067, -0.0002883500008735542, 0.002427647215614735, 0.001141964857052001, -0.00028835027587682235, 0.0001473365970009299], [0.0026798575579028514, -0.00047946065382915447, 0.0024276470566279022, -0.0002883501073626783, 0.0024276471644643326, -0.00028835027587682235, 0.001141964963540262, 0.00014733659700082407], [-0.002250123760807345, -0.001277489989691749, -0.0012774899896911406, 0.00014733659700121203, -0.0012774899896914231, 0.0001473365970009299, 0.00014733659700082407, -0.00020775300482993677]], [[0.010477243598211543, 0.0059175777579029455, 0.005917577757902779, 0.0015226193732705894, 0.005917577757902856, 0.0015226193732705536, 0.0015226193732704337, -0.00033694860347882567, 0.0059175777579028605, 0.0015226193732705597, 0.0015226193732703975, -0.0003369486034788437, 0.0015226193732704877, -0.00033694860347884085, -0.0003369486034788678, -0.000980816032062245], [0.0059175777579029455, 0.005789906600321201, 0.002645640826598641, 0.0016896580064495567, 0.002645640826600251, 0.0016896580064495743, 0.00012765689046260182, -0.0002125932419075995, 0.002645640826598503, 0.0016896580064495565, 0.00012765689046238455, -0.00021259324190760396, 0.00012765689046257688, -0.00021259324190752455, -0.00014100669872777117, -0.0006539106900623025], [0.005917577757902779, 0.002645640826598641, 0.005789906600320506, 0.0016896580064494305, 0.002645640826599026, 0.00012765689046241585, 0.001689658006449334, -0.0002125932419077209, 0.002645640826600156, 0.0001276568904625088, 0.0016896580064494125, -0.00021259324190781243, 0.00012765689046253338, -0.00014100669872769018, -0.0002125932419076655, -0.0006539106900622725], [0.0015226193732705894, 0.0016896580064495567, 0.0016896580064494305, 0.001597477879598643, 0.00012765689046270243, -0.00012604212534553504, -0.0001260421253467707, -1.281721435679165e-05, 0.0001276568904624944, -0.0001260421253468457, -0.0001260421253461769, -1.2817214356758658e-05, -3.5199580997578444e-05, 2.9857441033004626e-06, 2.9857441032266068e-06, 6.555689605057795e-06], [0.005917577757902856, 0.002645640826600251, 0.002645640826599026, 0.00012765689046270243, 0.005789906600320184, 0.0016896580064495806, 0.0016896580064492083, -0.00021259324190781544, 0.0026456408265989307, 0.00012765689046266855, 0.00012765689046248483, -0.00014100669872780714, 0.00168965800644937, -0.00021259324190768498, -0.00021259324190761602, -0.0006539106900623445], [0.0015226193732705536, 0.0016896580064495743, 0.00012765689046241585, -0.00012604212534553504, 0.0016896580064495806, 0.0015974778795994915, -0.00012604212534590096, -1.2817214356770655e-05, 0.00012765689046254314, -0.00012604212534567602, -3.5199580999812835e-05, 2.985744103406933e-06, -0.00012604212534614686, -1.2817214356698674e-05, 2.9857441034950345e-06, 6.5556896051837605e-06], [0.0015226193732704337, 0.00012765689046260182, 0.001689658006449334, -0.0001260421253467707, 0.0016896580064492083, -0.00012604212534590096, 0.0015974778795990335, -1.281721435674966e-05, 0.0001276568904625645, -3.519958099744048e-05, -0.00012604212534594595, 2.9857441035130297e-06, -0.00012604212534693567, 2.9857441034374875e-06, -1.2817214356806644e-05, 6.555689605285732e-06], [-0.00033694860347882567, -0.0002125932419075995, -0.0002125932419077209, -1.281721435679165e-05, -0.00021259324190781544, -1.2817214356770655e-05, -1.281721435674966e-05, 2.671791724851595e-05, -0.00014100669872766017, 2.9857441034671044e-06, 2.985744103493535e-06, -7.677246728546104e-07, 2.985744103458107e-06, -7.677246718786567e-07, -7.677246737323406e-07, -8.009801468462517e-06], [0.0059175777579028605, 0.002645640826598503, 0.002645640826600156, 0.0001276568904624944, 0.0026456408265989307, 0.00012765689046254314, 0.0001276568904625645, -0.00014100669872766017, 0.0057899066003208625, 0.0016896580064493824, 0.0016896580064495324, -0.00021259324190756946, 0.0016896580064495025, -0.0002125932419078019, -0.00021259324190787542, -0.0006539106900623265], [0.0015226193732705597, 0.0016896580064495565, 0.0001276568904625088, -0.0001260421253468457, 0.00012765689046266855, -0.00012604212534567602, -3.519958099744048e-05, 2.9857441034671044e-06, 0.0016896580064493824, 0.0015974778795990845, -0.0001260421253460479, -1.2817214356740665e-05, -0.0001260421253466298, -1.2817214356626695e-05, 2.9857441034119943e-06, 6.5556896052077535e-06], [0.0015226193732703975, 0.00012765689046238455, 0.0016896580064494125, -0.0001260421253461769, 0.00012765689046248483, -3.5199580999812835e-05, -0.00012604212534594595, 2.985744103493535e-06, 0.0016896580064495324, -0.0001260421253460479, 0.0015974778795997293, -1.281721435671967e-05, -0.00012604212534546609, 2.985744103320519e-06, -1.281721435668368e-05, 6.555689605285731e-06], [-0.0003369486034788437, -0.00021259324190760396, -0.00021259324190781243, -1.2817214356758658e-05, -0.00014100669872780714, 2.985744103406933e-06, 2.9857441035130297e-06, -7.677246728546104e-07, -0.00021259324190756946, -1.2817214356740665e-05, -1.281721435671967e-05, 2.6717917247523444e-05, 2.9857441033921246e-06, -7.677246729478663e-07, -7.677246716726504e-07, -8.009801468473012e-06], [0.0015226193732704877, 0.00012765689046257688, 0.00012765689046253338, -3.5199580997578444e-05, 0.00168965800644937, -0.00012604212534614686, -0.00012604212534693567, 2.985744103458107e-06, 0.0016896580064495025, -0.0001260421253466298, -0.00012604212534546609, 2.9857441033921246e-06, 0.00159747787959883, -1.281721435653972e-05, -1.28172143566207e-05, 6.555689605321723e-06], [-0.00033694860347884085, -0.00021259324190752455, -0.00014100669872769018, 2.9857441033004626e-06, -0.00021259324190768498, -1.2817214356698674e-05, 2.9857441034374875e-06, -7.677246718786567e-07, -0.0002125932419078019, -1.2817214356626695e-05, 2.985744103320519e-06, -7.677246729478663e-07, -1.281721435653972e-05, 2.6717917248261468e-05, -7.677246732684041e-07, -8.009801468462515e-06], [-0.0003369486034788678, -0.00014100669872777117, -0.0002125932419076655, 2.9857441032266068e-06, -0.00021259324190761602, 2.9857441034950345e-06, -1.2817214356806644e-05, -7.677246737323406e-07, -0.00021259324190787542, 2.9857441034119943e-06, -1.281721435668368e-05, -7.677246716726504e-07, -1.28172143566207e-05, -7.677246732684041e-07, 2.6717917248736518e-05, -8.009801468474511e-06], [-0.000980816032062245, -0.0006539106900623025, -0.0006539106900622725, 6.555689605057795e-06, -0.0006539106900623445, 6.5556896051837605e-06, 6.555689605285732e-06, -8.009801468462517e-06, -0.0006539106900623265, 6.5556896052077535e-06, 