{"r1": 0.99, "r2": 0.99, "theta": 0.1, "sequence": [[[0.9950741430937474, 0.00043201640106100186], [0.00043201640106100186, 0.004965735981647025]], [[0.9900281891127138, 0.0004298160585997206, 0.0004298160585997144, 3.732006402844133e-07], [0.0004298160585997206, 0.004961942314152848, 3.5967348827487886e-07, 2.1622093708336453e-06], [0.0004298160585997144, 3.5967348827487886e-07, 0.004961942314153111, 2.1622093708096785e-06], [3.732006402844133e-07, 2.1622093708336453e-06, 2.1622093708096785e-06, 6.888117233715616e-06]], [[0.9850769021290792, 0.0004276668734954731, 0.0004276668734954681, 3.7133361834452787e-07, 0.00042766687349547977, 3.713336183389989e-07, 3.713336183426697e-07, 3.2241679737372546e-10], [0.0004276668734954731, 0.004936422193157237, 3.331746293831212e-07, 2.1500841180591616e-06, 3.331746298048849e-07, 2.150083813855964e-06, 2.897215860255799e-10, 1.8668797078443593e-09], [0.0004276668734954681, 3.331746293831212e-07, 0.004936422193166667, 2.150084129171929e-06, 3.331746206345463e-07, 2.897097184845412e-10, 2.15008381358756e-06, 1.8668800410278946e-09], [3.7133361834452787e-07, 2.1500841180591616e-06, 2.150084129171929e-06, 9.126426820213444e-06, 2.894057702191203e-10, 1.5293960363061417e-09, 1.3286354214250297e-09, 7.201297474330628e-09], [0.00042766687349547977, 3.331746298048849e-07, 3.331746206345463e-07, 2.894057702191203e-10, 0.004936422193166251, 2.1500841295043237e-06, 2.1500841179859297e-06, 1.866879776553951e-09], [3.713336183389989e-07, 2.150083813855964e-06, 2.897097184845412e-10, 1.5293960363061417e-09, 2.1500841295043237e-06, 9.126250338786442e-06, 1.5049900242503423e-09, 7.201296761288789e-09], [3.713336183426697e-07, 2.897215860255799e-10, 2.15008381358756e-06, 1.3286354214250297e-09, 2.1500841179859297e-06, 1.5049900242503423e-09, 9.126451057758988e-06, 7.201296777128501e-09], [3.2241679737372546e-10, 1.8668797078443593e-09, 1.8668800410278946e-09, 7.201297474330628e-09, 1.866879776553951e-09, 7.201296761288789e-09, 7.201296777128501e-09, -7.376836798515765e-06]], [[0.9799665356423971, 0.00042548383974554794, 0.0004254838397455514, 3.694386948169184e-07, 0.0004254838397455576, 3.6943869481730445e-07, 3.6943869481710333e-07, 3.207901135465029e-10, 0.00042548383974555667, 3.6943869481714516e-07, 3.6943869481718206e-07, 3.207899909044851e-10, 3.6943869481743977e-07, 3.207891497448325e-10, 3.207899647746103e-10, 2.785518685233063e-13], [0.00042548383974554794, 0.004829421720879198, 6.070690698504936e-08, 2.0992582553276e-06, 6.070690684551282e-08, 2.0992582552346174e-06, 5.223118915747691e-11, 1.8226482231551405e-09, 6.070690688609674e-08, 2.0992582553132254e-06, 5.2231101367521573e-11, 1.8226476749995965e-09, 5.2231082370314157e-11, 1.8226502659995925e-09, -6.601266416958611e-14, 1.583804348979685e-12], [0.0004254838397455514, 6.070690698504936e-08, 0.004829421720879565, 2.0992582552868026e-06, 6.070690689793366e-08, 5.2231189224965395e-11, 2.099258255099515e-06, 1.8226474819348762e-09, 6.070690669889314e-08, 5.223093446652016e-11, 2.099258255219228e-06, 1.822646656262385e-09, 5.223096864203051e-11, -6.361037819631406e-14, 1.8226479256678177e-09, 1.5836969541011557e-12], [3.694386948169184e-07, 2.0992582553276e-06, 2.0992582552868026e-06, 1.833579508842446e-05, 5.2231067678475044e-11, 1.49176480755507e-09, 1.4917488110408054e-09, 7.1659781638339265e-09, 5.223101410951571e-11, 1.4918079659006156e-09, 1.4918003369285614e-09, 7.166175127268931e-09, 2.0118541295307985e-10, 1.1839370328841117e-12, 1.384578749240863e-12, 6.223237904334208e-12], [0.0004254838397455576, 6.070690684551282e-08, 6.070690689793366e-08, 5.2231067678475044e-11, 0.004829421720879465, 2.0992582552308637e-06, 2.0992582553355375e-06, 1.8226481487815468e-09, 6.070690700070952e-08, 5.223101369416031e-11, 5.223109485827472e-11, -6.633961332227471e-14, 2.0992582553521178e-06, 1.8226502148631845e-09, 1.8226490356963263e-09, 1.5838130431642104e-12], [3.6943869481730445e-07, 2.0992582552346174e-06, 5.2231189224965395e-11, 1.49176480755507e-09, 2.0992582552308637e-06, 1.833579511625385e-05, 1.491772800430188e-09, 7.165669359718141e-09, 5.2231024964355554e-11, 1.4917808256298598e-09, 2.0116113561737043e-10, 1.493613810822206e-12, 1.4917996682465683e-09, 7.165419664110676e-09, 1.268285205080829e-12, 6.2216424215451965e-12], [3.6943869481710333e-07, 5.223118915747691e-11, 2.099258255099515e-06, 1.4917488110408054e-09, 2.0992582553355375e-06, 1.491772800430188e-09, 1.8335795216532878e-05, 7.165866272541278e-09, 5.223106822234004e-11, 2.0107057090316994e-10, 1.491778915656911e-09, 1.4964807608604001e-12, 1.4918088709942235e-09, 1.0705897882911527e-12, 7.166088254495909e-09, 6.222783372194397e-12], [3.207901135465029e-10, 1.8226482231551405e-09, 1.8226474819348762e-09, 7.1659781638339265e-09, 1.8226481487815468e-09, 7.165669359718141e-09, 7.165866272541278e-09, 1.9153913972583314e-06, -6.537284950780972e-14, 1.3950865744199532e-12, 1.5918548163279385e-12, -8.998835207034967e-11, 1.2834098893665912e-12, 8.952271732313088e-11, -1.3049633373717776e-10, 3.593840071053964e-11], [0.00042548383974555667, 6.070690688609674e-08, 6.070690669889314e-08, 5.223101410951571e-11, 6.070690700070952e-08, 5.2231024964355554e-11, 5.223106822234004e-11, -6.537284950780972e-14, 0.004829421720879713, 2.099258255422337e-06, 2.0992582552802013e-06, 1.8226472750761023e-09, 2.099258255277243e-06, 1.8226500351771616e-09, 1.822648395549638e-09, 1.5837149652537228e-12], [3.6943869481714516e-07, 2.0992582553132254e-06, 5.223093446652016e-11, 1.4918079659006156e-09, 5.223101369416031e-11, 1.4917808256298598e-09, 2.0107057090316994e-10, 1.3950865744199532e-12, 2.099258255422337e-06, 1.833579521593781e-05, 1.4917732542811633e-09, 7.165964748746495e-09, 1.4917472492151753e-09, 7.165517988485586e-09, 1.1725200101092072e-12, 6.222113645667663e-12], [3.6943869481718206e-07, 5.2231101367521573e-11, 2.099258255219228e-06, 1.4918003369285614e-09, 5.223109485827472e-11, 2.0116113561737043e-10, 1.491778915656911e-09, 1.5918548163279385e-12, 2.0992582552802013e-06, 1.4917732542811633e-09, 1.8335795115143058e-05, 7.165967642661628e-09, 1.491767544857259e-09, 1.1688637473137474e-12, 7.165992677715513e-09, 6.22322678764151e-12], [3.207899909044851e-10, 1.8226476749995965e-09, 1.822646656262385e-09, 7.166175127268931e-09, -6.633961332227471e-14, 1.493613810822206e-12, 1.4964807608604001e-12, -8.998835207034967e-11, 1.8226472750761023e-09, 7.165964748746495e-09, 7.165967642661628e-09, 1.915369089156942e-06, 1.2861366273255604e-12, -1.0985471971294096e-12, -1.4372266826784396e-10, 3.5738757562101846e-11], [3.6943869481743977e-07, 5.2231082370314157e-11, 5.223096864203051e-11, 2.0118541295307985e-10, 2.0992582553521178e-06, 1.4917996682465683e-09, 1.4918088709942235e-09, 1.2834098893665912e-12, 2.099258255277243e-06, 1.4917472492151753e-09, 1.491767544857259e-09, 1.2861366273255604e-12, 1.8335795086054103e-05, 7.165404504643939e-09, 7.165876224313938e-09, 6.221720654933097e-12], [3.207891497448325e-10, 1.8226502659995925e-09, -6.361037819631406e-14, 1.1839370328841117e-12, 1.8226502148631845e-09, 7.165419664110676e-09, 1.0705897882911527e-12, 8.952271732313088e-11, 1.8226500351771616e-09, 7.165517988485586e-09, 1.1688637473137474e-12, -1.0985471971294096e-12, 7.165404504643939e-09, 1.9155230473648056e-06, 3.806931520709835e-12, 3.661047584954887e-11], [3.207899647746103e-10, -6.601266416958611e-14, 1.8226479256678177e-09, 1.384578749240863e-12, 1.8226490356963263e-09, 1.268285205080829e-12, 7.166088254495909e-09, -1.3049633373717776e-10, 1.822648395549638e-09, 1.1725200101092072e-12, 7.165992677715513e-09, -1.4372266826784396e-10, 7.165876224313938e-09, 3.806931520709835e-12, 1.915618456972281e-06, 3.593904100839141e-11], [2.785518685233063e-13, 1.583804348979685e-12, 1.5836969541011557e-12, 6.223237904334208e-12, 1.5838130431642104e-12, 6.2216424215451965e-12, 6.222783372194397e-12, 3.593840071053964e-11, 1.5837149652537228e-12, 6.222113645667663e-12, 6.22322678764151e-12, 3.5738757562101846e-11, 