{"r1": 0.75, "r2": 0.75, "theta": 179.0, "sequence": [[[0.12502909198001547, 0.003272234126870337], [0.003272234126870337, 0.12497197927080428]], [[0.015344959169231696, 0.0008182286695431327, 0.0008182286695521285, 1.5170476100961885e-05], [0.0008182286695431327, 0.10935902625852939, -9.153583343350225e-07, -2.468696096296011e-06], [0.0008182286695521285, -9.153583343350225e-07, 0.10935902626683017, -2.468696159492315e-06], [1.5170476100961885e-05, -2.468696096296011e-06, -2.468696159492315e-06, 0.01533072117526954]], [[0.0010305702347002956, 0.00011130147650496078, 0.0001113014765051126, 4.859849118866592e-06, 0.00011130147650454671, 4.859849118868592e-06, 4.8598491188693405e-06, -1.2164352971180601e-08], [0.00011130147650496078, 0.01378154931354989, 3.7133794489433434e-06, 0.00035781857065247073, 3.713379421928182e-06, 0.0003578185695380742, -2.596211001362112e-08, -4.1500802803433856e-07], [0.0001113014765051126, 3.7133794489433434e-06, 0.01378154931354898, 0.00035781856798110034, 3.7133794399541512e-06, -2.595943849499251e-08, 0.00035781856953741585, -4.1500802789601284e-07], [4.859849118866592e-06, 0.00035781857065247073, 0.00035781856798110034, 0.013770028710301398, -2.5960553651527115e-08, -1.5610652673809925e-06, -1.5616775122942228e-06, -3.1192154969920745e-09], [0.00011130147650454671, 3.713379421928182e-06, 3.7133794399541512e-06, -2.5960553651527115e-08, 0.013781549313510895, 0.0003578185679819069, 0.0003578185706527854, -4.150080279853e-07], [4.859849118868592e-06, 0.0003578185695380742, -2.595943849499251e-08, -1.5610652673809925e-06, 0.0003578185679819069, 0.013770028454864566, -1.5614219292650936e-06, -3.1192156409352455e-09], [4.8598491188693405e-06, -2.596211001362112e-08, 0.00035781856953741585, -1.5616775122942228e-06, 0.0003578185706527854, -1.5614219292650936e-06, 0.013770029066969355, -3.119215657407293e-09], [-1.2164352971180601e-08, -4.1500802803433856e-07, -4.1500802789601284e-07, -3.1192154969920745e-09, -4.150080279853e-07, -3.1192156409352455e-09, -3.119215657407293e-09, 0.0010276577612696467]], [[0.00014065931666314334, 8.217768931008551e-06, 8.217768931018932e-06, 6.979071415767738e-07, 8.217768931008971e-06, 6.979071415638197e-07, 6.979071415702652e-07, 9.029790246967998e-09, 8.217768931009988e-06, 6.979071415567341e-07, 6.979071415733856e-07, 9.0297902468032e-09, 6.979071415670523e-07, 9.029790246298422e-09, 9.029790248027269e-09, -2.346887198586339e-10], [8.217768931008551e-06, 0.001738010931066272, 7.149648848705054e-07, 8.94858906372834e-05, 7.149648853088892e-07, 8.948589062865285e-05, 1.1967031011121887e-08, 1.658900103207987e-06, 7.149648849430197e-07, 8.948589063515052e-05, 1.19670223603626e-08, 1.6589001032246303e-06, 1.1967027975661428e-08, 1.6589001032364384e-06, -3.6503870710841497e-10, -3.576140438159299e-08], [8.217768931018932e-06, 7.149648848705054e-07, 0.0017380109310661967, 8.948589062613263e-05, 7.149648850951771e-07, 1.1967034158236784e-08, 8.948589063059903e-05, 1.658900103257948e-06, 7.14964884628002e-07, 1.1967030208101477e-08, 8.948589064134308e-05, 1.658900103203728e-06, 1.1967020413082696e-08, -3.65038749021387e-10, 1.6589001032410876e-06, -3.576140440260538e-08], [6.979071415767738e-07, 8.94858906372834e-05, 8.948589062613263e-05, 0.01197430737112311, 1.1967023367441845e-08, -9.681240121652104e-08, -9.681616663655438e-08, 1.0688728028689855e-07, 1.1967035048187203e-08, -9.680569586668609e-08, -9.681213927892412e-08, 1.0688719831751549e-07, -1.6145188977304556e-10, -1.8839032075912448e-09, -1.8838252383149772e-09, -6.219497383776464e-08], [8.217768931008971e-06, 7.149648853088892e-07, 7.149648850951771e-07, 1.1967023367441845e-08, 0.0017380109310658608, 8.948589063686599e-05, 8.948589063425608e-05, 1.6589001032273576e-06, 7.149648849484477e-07, 1.1967027396480923e-08, 1.1967027818868112e-08, -3.650386918790398e-10, 8.948589063280163e-05, 1.6589001031982088e-06, 1.6589001032238862e-06, -3.5761404414029355e-08], [6.979071415638197e-07, 8.948589062865285e-05, 1.1967034158236784e-08, -9.681240121652104e-08, 8.948589063686599e-05, 0.011974307373399249, -9.680634034437141e-08, 1.0688718785393452e-07, 1.1967021679018163e-08, -9.681586829436325e-08, -1.6127170701633065e-10, -1.8838268416033772e-09, -9.681446665980748e-08, 1.0688727637685482e-07, -1.883883826173832e-09, -6.219497380812948e-08], [6.979071415702652e-07, 1.1967031011121887e-08, 8.948589063059903e-05, -9.681616663655438e-08, 8.948589063425608e-05, -9.680634034437141e-08, 0.011974307373418652, 1.0688721644583705e-07, 1.1967026011308926e-08, -1.6054190813910832e-10, -9.681023192586872e-08, -1.8838467106836415e-09, -9.681684791488543e-08, -1.883871202047074e-09, 1.0688725140492547e-07, -6.219497378903442e-08], [9.029790246967998e-09, 1.658900103207987e-06, 1.658900103257948e-06, 1.0688728028689855e-07, 1.6589001032273576e-06, 1.0688718785393452e-07, 1.0688721644583705e-07, 0.0017356872850182758, -3.6503873345615694e-10, -1.8838836202703523e-09, -1.8838718742325085e-09, -4.546253217285194e-08, -1.883802233760339e-09, -4.546253232672965e-08, -4.5462532445350705e-08, -5.720811088192025e-06], [8.217768931009988e-06, 7.149648849430197e-07, 7.14964884628002e-07, 1.1967035048187203e-08, 7.149648849484477e-07, 1.1967021679018163e-08, 1.1967026011308926e-08, -3.6503873345615694e-10, 0.001738010931066205, 8.948589062867725e-05, 8.948589063091128e-05, 1.6589001032188237e-06, 8.94858906404965e-05, 1.6589001032789508e-06, 1.6589001031950568e-06, -3.5761404385033644e-08], [6.979071415567341e-07, 8.948589063515052e-05, 1.1967030208101477e-08, -9.680569586668609e-08, 1.1967027396480923e-08, -9.681586829436325e-08, -1.6054190813910832e-10, -1.8838836202703523e-09, 8.948589062867725e-05, 0.011974307372629453, -9.681754004894335e-08, 1.068872280447207e-07, -9.68098987880197e-08, 1.0688724737809342e-07, -1.883838755530466e-09, -6.219497381103107e-08], [6.979071415733856e-07, 1.19670223603626e-08, 8.948589064134308e-05, -9.681213927892412e-08, 1.1967027818868112e-08, -1.6127170701633065e-10, -9.681023192586872e-08, -1.8838718742325085e-09, 8.948589063091128e-05, -9.681754004894335e-08, 0.011974307379174464, 1.0688722727363996e-07, -9.681444958269772e-08, -1.8837984181312803e-09, 1.0688718911432104e-07, -6.219497376684081e-08], [9.0297902468032e-09, 1.6589001032246303e-06, 1.658900103203728e-06, 1.0688719831751549e-07, -3.650386918790398e-10, -1.8838268416033772e-09, -1.8838467106836415e-09, -4.546253217285194e-08, 1.6589001032188237e-06, 1.068872280447207e-07, 1.0688722727363996e-07, 0.0017356872850187092, -1.883855411179982e-09, -4.546253245018861e-08, -4.54625326719589e-08, -5.720811088194422e-06], [6.979071415670523e-07, 1.1967027975661428e-08, 1.1967020413082696e-08, -1.6145188977304556e-10, 8.948589063280163e-05, -9.681446665980748e-08, -9.681684791488543e-08, -1.883802233760339e-09, 8.94858906404965e-05, -9.68098987880197e-08, -9.681444958269772e-08, -1.883855411179982e-09, 0.01197430738031664, 1.0688717800275047e-07, 1.0688723091377307e-07, -6.219497380173826e-08], [9.029790246298422e-09, 1.6589001032364384e-06, -3.65038749021387e-10, -1.8839032075912448e-09, 1.6589001031982088e-06, 1.0688727637685482e-07, -1.883871202047074e-09, -4.546253232672965e-08, 1.6589001032789508e-06, 1.0688724737809342e-07, -1.8837984181312803e-09, -4.546253245018861e-08, 1.0688717800275047e-07, 0.0017356872850182849, -4.546253221479015e-08, -5.720811088194532e-06], [9.029790248027269e-09, -3.6503870710841497e-10, 1.6589001032410876e-06, -1.8838252383149772e-09, 1.6589001032238862e-06, -1.883883826173832e-09, 1.0688725140492547e-07, -4.5462532445350705e-08, 1.6589001031950568e-06, -1.883838755530466e-09, 1.0688718911432104e-07, -4.54625326719589e-08, 1.0688723091377307e-07, -4.546253221479015e-08, 0.0017356872850187444, -5.720811088197898e-06], [-2.346887198586339e-10, -3.576140438159299e-08, -3.576140440260538e-08, -6.219497383776464e-08, -3.5761404414029355e-08, -6.219497380812948e-08, -6.219497378903442e-08, -5.720811088192025e-06, -3.5761404385033644e-08, 