{"r1": 0.18999999999999995, "r2": 0.18999999999999995, "theta": 44.825, "sequence": [[[0.5448589070528673, 0.03348368165395216], [0.03348368165395216, 0.3824844616931592]], [[0.3112400481505525, 0.02408308299827823, 0.024083082998277765, -0.012426602194399741], [0.02408308299827823, 0.2274426038136585, -0.01352524902747965, 0.007017558899719985], [0.024083082998277765, -0.01352524902747965, 0.22744260381365813, 0.007017558899720621], [-0.012426602194399741, 0.007017558899719985, 0.007017558899720621, 0.16042182169459823]], [[0.17544398695135688, 0.014178557930092147, 0.014178557930092149, -0.0033717436281469203, 0.014178557930092168, -0.0033717436281468964, -0.003371743628146874, -0.00133480716975409], [0.014178557930092147, 0.12772718177168127, -0.0035880610634791686, 0.006659963922676659, -0.003588061104505678, 0.006659963951004564, -0.0014089611784657446, -0.0021207066603019203], [0.014178557930092149, -0.0035880610634791686, 0.1277271817593866, 0.006659963956921723, -0.0035880610922109425, -0.0014089612127108065, 0.006659963951004566, -0.0021207066603018887], [-0.0033717436281469203, 0.006659963922676659, 0.006659963956921723, 0.09002889140197032, -0.0014089611843829408, -0.002157224503569408, -0.0021572244876173863, 0.003508328904252741], [0.014178557930092168, -0.003588061104505678, -0.0035880610922109425, -0.0014089611843829408, 0.12772718180041312, 0.006659963956921805, 0.006659963922676787, -0.0021207066603018735], [-0.0033717436281468964, 0.006659963951004564, -0.0014089612127108065, -0.002157224503569408, 0.006659963956921805, 0.0900288913843101, -0.002157224469956917, 0.0035083289042529154], [-0.003371743628146874, -0.0014089611784657446, 0.006659963951004566, -0.0021572244876173863, 0.006659963922676787, -0.002157224469956917, 0.09002889136835793, 0.0035083289042528876], [-0.00133480716975409, -0.0021207066603019203, -0.0021207066603018887, 0.003508328904252741, -0.0021207066603018735, 0.0035083289042529154, 0.0035083289042528876, 0.0627790529980478]], [[0.09982928502234904, 0.008591808242091242, 0.008591808242091246, -0.001333913872932595, 0.008591808242091254, -0.001333913872932596, -0.001333913872932597, -0.0009850607902273036, 0.008591808242091247, -0.0013339138729325936, -0.0013339138729325985, -0.0009850607902273023, -0.0013339138729326011, -0.0009850607902272932, -0.0009850607902272938, 0.001168000449942356], [0.008591808242091242, 0.07351252595492191, -0.0014759560366104734, 0.004719300384502329, -0.0014759560366104417, 0.004719300384502387, -0.0010862963985950379, -0.0015400757858705606, -0.001475956036610495, 0.004719300384502344, -0.0010862963985949796, -0.00154007578587051, -0.0010862963985950038, -0.0015400757858705385, 0.00146108899130606, 0.0003521068572540787], [0.008591808242091246, -0.0014759560366104734, 0.07351252595492193, 0.004719300384502309, -0.0014759560366104981, -0.001086296398594991, 0.004719300384502344, -0.0015400757858705415, -0.0014759560366105094, -0.0010862963985949798, 0.004719300384502317, -0.001540075785870542, -0.0010862963985949583, 0.0014610889913060764, -0.0015400757858705487, 0.00035210685725404925], [-0.001333913872932595, 0.004719300384502329, 0.004719300384502309, 0.053118284741360364, -0.0010862963985949806, -0.0016827422208271646, -0.0016827422208271759, 0.00212389574622979, -0.0010862963985949566, -0.001682742220827198, -0.0016827422208271802, 0.0021238957462297865, 0.0015836893730820198, 0.00043632920040761927, 0.00043632920040757915, -0.0008037123734255415], [0.008591808242091254, -0.0014759560366104417, -0.0014759560366104981, -0.0010862963985949806, 0.07351252595492189, 0.004719300384502312, 0.004719300384502376, -0.0015400757858705643, -0.0014759560366105057, -0.0010862963985950273, -0.0010862963985949832, 0.0014610889913060443, 0.004719300384502344, -0.001540075785870558, -0.0015400757858705244, 0.00035210685725404746], [-0.001333913872932596, 0.004719300384502387, -0.001086296398594991, -0.0016827422208271646, 0.004719300384502312, 0.05311828474136041, -0.001682742220827234, 0.0021238957462297423, -0.0010862963985950038, -0.001682742220827206, 0.0015836893730820575, 0.0004363292004076135, -0.0016827422208271876, 0.002123895746229754, 0.0004363292004076327, -0.0008037123734255441], [-0.001333913872932597, -0.0010862963985950379, 0.004719300384502344, -0.0016827422208271759, 0.004719300384502376, -0.001682742220827234, 0.05311828474136046, 0.002123895746229742, -0.001086296398594995, 0.0015836893730820315, -0.0016827422208272028, 0.00043632920040758, -0.001682742220827195, 0.0004363292004075946, 0.002123895746229785, -0.0008037123734255414], [-0.0009850607902273036, -0.0015400757858705606, -0.0015400757858705415, 0.00212389574622979, -0.0015400757858705643, 0.0021238957462297423, 0.002123895746229742, 0.03774692839337007, 0.0014610889913060944, 0.00043632920040761325, 0.00043632920040759124, -0.0009045028057359613, 0.0004363292004076216, -0.0009045028057359736, -0.0009045028057359331, 0.0007727947358466796], [0.008591808242091247, -0.001475956036610495, -0.0014759560366105094, -0.0010862963985949566, -0.0014759560366105057, -0.0010862963985950038, -0.001086296398594995, 0.0014610889913060944, 0.07351252595492198, 0.0047193003845023606, 0.00471930038450232, -0.0015400757858705682, 0.004719300384502312, -0.0015400757858705265, -0.0015400757858705504, 0.00035210685725405575], [-0.0013339138729325936, 0.004719300384502344, -0.0010862963985949798, -0.001682742220827198, -0.0010862963985950273, -0.001682742220827206, 0.0015836893730820315, 0.00043632920040761325, 0.0047193003845023606, 0.05311828474136045, -0.0016827422208271932, 0.0021238957462297986, -0.0016827422208271707, 0.0021238957462297917, 0.00043632920040754413, -0.0008037123734255229], [-0.0013339138729325985, -0.0010862963985949796, 0.004719300384502317, -0.0016827422208271802, -0.0010862963985949832, 0.0015836893730820575, -0.0016827422208272028, 0.00043632920040759124, 0.00471930038450232, -0.0016827422208271932, 0.05311828474136046, 0.0021238957462297687, -0.0016827422208271802, 0.00043632920040759823, 0.0021238957462297956, -0.0008037123734255282], [-0.0009850607902273023, -0.00154007578587051, -0.001540075785870542, 0.0021238957462297865, 0.0014610889913060443, 0.0004363292004076135, 0.00043632920040758, -0.0009045028057359613, -0.0015400757858705682, 0.0021238957462297986, 0.0021238957462297687, 0.03774692839337006, 0.00043632920040759807, -0.0009045028057359201, -0.0009045028057359405, 0.0007727947358466908], [-0.0013339138729326011, -0.0010862963985950038, -0.0010862963985949583, 0.0015836893730820198, 0.004719300384502344, -0.0016827422208271876, -0.001682742220827195, 0.0004363292004076216, 0.004719300384502312, -0.0016827422208271707, -0.0016827422208271802, 0.00043632920040759807, 0.05311828474136041, 0.0021238957462297405, 0.0021238957462297605, -0.0008037123734255455], [-0.0009850607902272932, -0.0015400757858705385, 0.0014610889913060764, 0.00043632920040761927, -0.001540075785870558, 0.002123895746229754, 0.0004363292004075946, -0.0009045028057359736, -0.0015400757858705265, 0.0021238957462297917, 0.00043632920040759823, -0.0009045028057359201, 0.0021238957462297405, 0.037746928393370086, -0.0009045028057359823, 0.0007727947358466863], [-0.0009850607902272938, 0.00146108899130606, -0.0015400757858705487, 0.00043632920040757915, -0.0015400757858705244, 0.0004363292004076327, 0.002123895746229785, -0.0009045028057359331, -0.0015400757858705504, 0.00043632920040754413, 0.0021238957462297956, -0.0009045028057359405, 0.0021238957462297605, -0.0009045028057359823, 0.03774692839337008, 0.0007727947358466797], [0.001168000449942356, 0.0003521068572540787, 0.00035210685725404925, -0.0008037123734255415, 0.00035210685725404746, -0.0008037123734255441, -0.0008037123734255414, 0.0007727947358466796, 0.00035210685725405575, -0.0008037123734255229, -0.0008037123734255282, 0.0007727947358466908, -0.0008037123734255455, 0.0007727947358466863, 0.0007727947358466797, 0.026392767450365118]]]}