{"r1": 0.75, "r2": 0.75, "theta": 44.825, "sequence": [[[0.6775212341777509, 0.132178589445232], [0.132178589445232, 0.036539595079384715]], [[0.48202625883723565, 0.09820404588053551, 0.0982040458805356, 0.005773912220551275], [0.09820404588053551, 0.07536522501752226, -0.03401223860059133, -0.0020018489104478296], [0.0982040458805356, -0.03401223860059133, 0.07536522501752244, -0.0020018489104475933], [0.005773912220551275, -0.0020018489104478296, -0.0020018489104475933, 0.015507118606569534]], [[0.3436713235876412, 0.071590859136154, 0.07159085913615404, 0.0057338105281534895, 0.07159085913615407, 0.005733810528153463, 0.005733810528153462, -0.0026329877183346923], [0.071590859136154, 0.06479094396366514, -0.009302034082157008, 0.004896491809286256, -0.009302034082156777, 0.004896491809286079, -0.009564971144838048, -0.0007884121450052761], [0.07159085913615404, -0.009302034082157008, 0.06479094396366511, 0.004896491809286462, -0.009302034082156603, -0.009564971144838117, 0.00489649180928619, -0.0007884121450053681], [0.0057338105281534895, 0.004896491809286256, 0.004896491809286462, 0.004947717148746137, -0.009564971144838166, 0.0009835867155596578, 0.0009835867155595628, 0.0017162094557357076], [0.07159085913615407, -0.009302034082156777, -0.009302034082156603, -0.009564971144838166, 0.06479094396366486, 0.004896491809286408, 0.004896491809286321, -0.0007884121450052433], [0.005733810528153463, 0.004896491809286079, -0.009564971144838117, 0.0009835867155596578, 0.004896491809286408, 0.004947717148746435, 0.0009835867155595737, 0.001716209455735794], [0.005733810528153462, -0.009564971144838048, 0.00489649180928619, 0.0009835867155595628, 0.004896491809286321, 0.0009835867155595737, 0.004947717148746368, 0.0017162094557357996], [-0.0026329877183346923, -0.0007884121450052761, -0.0007884121450053681, 0.0017162094557357076, -0.0007884121450052433, 0.001716209455735794, 0.0017162094557357996, 0.0005324339073469487]], [[0.246914937833282, 0.052288912933057936, 0.052288912933057916, 0.005162092648199012, 0.052288912933057895, 0.005162092648199001, 0.005162092648199019, -0.0013038138676951467, 0.052288912933057916, 0.005162092648198989, 0.005162092648199024, -0.0013038138676951419, 0.00516209264819904, -0.0013038138676951616, -0.001303813867695143, -0.0010226096684498552], [0.052288912933057936, 0.05090902719635195, -0.0017038501612333325, 0.0059387350033768575, -0.0017038501612331575, 0.005938735003376854, -0.0047894203062106965, -0.00031559801674775807, -0.0017038501612332948, 0.005938735003376848, -0.004789420306210688, -0.00031559801674778957, -0.004789420306210688, -0.0003155980167478248, -0.000928411253647641, -0.00020002488622334062], [0.052288912933057916, -0.0017038501612333325, 0.050909027196352284, 0.005938735003376871, -0.0017038501612334027, -0.004789420306210653, 0.005938735003376824, -0.0003155980167478201, -0.0017038501612333962, -0.004789420306210726, 0.005938735003376851, -0.00031559801674778366, -0.004789420306210732, -0.0009284112536476582, -0.00031559801674781163, -0.0002000248862233302], [0.005162092648199012, 0.0059387350033768575, 0.005938735003376871, 0.006880154958052496, -0.004789420306210682, -0.0013266915041560278, -0.0013266915041559124, 0.0004131328625876786, -0.004789420306210711, -0.001326691504156082, -0.0013266915041560562, 0.00041313286258763156, 0.0023897910677095325, 0.0006323921890111121, 0.0006323921890110448, 0.0002265702340689233], [0.052288912933057895, -0.0017038501612331575, -0.0017038501612334027, -0.004789420306210682, 0.05090902719635183, 0.005938735003376844, 0.005938735003376878, -0.00031559801674781846, -0.0017038501612331096, -0.004789420306210678, -0.004789420306210687, -0.0009284112536475898, 0.0059387350033768506, -0.0003155980167478197, -0.0003155980167478301, -0.0002000248862233383], [0.005162092648199001, 0.005938735003376854, -0.004789420306210653, -0.0013266915041560278, 0.005938735003376844, 0.006880154958052342, -0.0013266915041560954, 0.00041313286258767005, -0.004789420306210686, -0.0013266915041558955, 0.0023897910677096027, 0.0006323921890110652, -0.001326691504156016, 0.0004131328625876264, 0.0006323921890109982, 0.00022657023406894757], [0.005162092648199019, -0.0047894203062106965, 0.005938735003376824, -0.0013266915041559124, 0.005938735003376878, -0.0013266915041560954, 0.006880154958052209, 0.00041313286258760044, -0.004789420306210639, 0.0023897910677096014, -0.0013266915041558862, 0.0006323921890110618, -0.0013266915041560295, 0.0006323921890110629, 0.0004131328625876141, 0.0002265702340689358], [-0.0013038138676951467, -0.00031559801674775807, -0.0003155980167478201, 0.0004131328625876786, -0.00031559801674781846, 0.00041313286258767005, 0.00041313286258760044, 0.0014452149815872713, -0.0009284112536476247, 0.0006323921890110975, 0.0006323921890110099, -0.0002062366084334454, 0.0006323921890110393, -0.0002062366084335426, -0.00020623660843330785, -4.9895643866796165e-05], [0.052288912933057916, -0.0017038501612332948, -0.0017038501612333962, -0.004789420306210711, -0.0017038501612331096, -0.004789420306210686, -0.004789420306210639, -0.0009284112536476247, 0.050909027196351944, 0.005938735003376856, 0.00593873500337689, -0.0003155980167478438, 0.005938735003376878, -0.0003155980167477773, -0.0003155980167477594, -0.00020002488622332477], [0.005162092648198989, 0.005938735003376848, -0.004789420306210726, -0.001326691504156082, -0.004789420306210678, -0.0013266915041558955, 0.0023897910677096014, 0.0006323921890110975, 0.005938735003376856, 0.00688015495805218, -0.001326691504156014, 0.0004131328625876214, -0.0013266915041558764, 0.00041313286258762283, 0.000632392189011102, 0.000226570234068932], [0.005162092648199024, -0.004789420306210688, 0.005938735003376851, -0.0013266915041560562, -0.004789420306210687, 0.0023897910677096027, -0.0013266915041558862, 0.0006323921890110099, 0.00593873500337689, -0.001326691504156014, 0.006880154958052229, 0.00041313286258765254, -0.0013266915041560477, 0.000632392189011059, 0.0004131328625876613, 0.0002265702340689246], [-0.0013038138676951419, -0.00031559801674778957, -0.00031559801674778366, 0.00041313286258763156, -0.0009284112536475898, 0.0006323921890110652, 0.0006323921890110618, -0.0002062366084334454, -0.0003155980167478438, 0.0004131328625876214, 0.00041313286258765254, 0.001445214981587187, 0.0006323921890110399, -0.00020623660843343804, -0.00020623660843337283, -4.9895643866802386e-05], [0.00516209264819904, -0.004789420306210688, -0.004789420306210732, 0.0023897910677095325, 0.0059387350033768506, -0.001326691504156016, -0.0013266915041560295, 0.0006323921890110393, 0.005938735003376878, -0.0013266915041558764, -0.0013266915041560477, 0.0006323921890110399, 0.00688015495805232, 0.0004131328625876402, 0.00041313286258768235, 0.00022657023406895372], [-0.0013038138676951616, -0.0003155980167478248, -0.0009284112536476582, 0.0006323921890111121, -0.0003155980167478197, 0.0004131328625876264, 0.0006323921890110629, -0.0002062366084335426, -0.0003155980167477773, 0.00041313286258762283, 0.000632392189011059, -0.00020623660843343804, 0.0004131328625876402, 0.001445214981587503, -0.00020623660843351776, -4.98956438667974e-05], [-0.001303813867695143, -0.000928411253647641, -0.00031559801674781163, 0.0006323921890110448, -0.0003155980167478301, 0.0006323921890109982, 0.0004131328625876141, -0.00020623660843330785, -0.0003155980167477594, 0.000632392189011102, 0.0004131328625876613, -0.00020623660843337283, 0.00041313286258768235, -0.00020623660843351776, 0.0014452149815871662, -4.989564386679493e-05], [-0.0010226096684498552, -0.00020002488622334062, -0.0002000248862233302, 0.0002265702340689233, -0.0002000248862233383, 0.00022657023406894757, 0.0002265702340689358, -4.9895643866796165e-05, -0.00020002488622332477, 0.000226570234068932, 0.0002265702340689246, -4.9895643866802386e-05, 0.00022657023406895372, -4.98956438667974e-05, -4.989564386679493e-05, 0.00010923948400443114]]]}