{"r1": 0.18999999999999995, "r2": 0.18999999999999995, "theta": 0.1, "sequence": [[[0.595095569436249, 8.290907768703582e-05], [8.290907768703582e-05, 0.40508200827922003]], [[0.3540772843852649, 4.933085630171583e-05, 4.9330856301693083e-05, 1.3766075338903575e-08], [4.933085630171583e-05, 0.24101920467937976, 1.3828641858293141e-08, 3.357817727438316e-05], [4.9330856301693083e-05, 1.3828641858293141e-08, 0.24101920467937996, 3.3578177274116884e-05], [1.3766075338903575e-08, 3.357817727438316e-05, 3.3578177274116884e-05, 0.1640636820400839]], [[0.21068487708785413, 2.9357247897963757e-05, 2.935724789795123e-05, 8.16885929822105e-09, 2.9357247897953606e-05, 8.168859299312782e-09, 8.168859297321248e-09, 9.407206591141286e-12], [2.9357247897963757e-05, 0.14340303035054003, 8.170013510532819e-09, 1.9978511429354904e-05, 8.1700134908361e-09, 1.9978511429337462e-05, -7.874143073873822e-11, 5.553040473406018e-09], [2.935724789795123e-05, 8.170013510532819e-09, 0.14340303035053992, 1.9978511429294613e-05, 8.170013600323056e-09, -7.874139948062712e-11, 1.997851142938318e-05, 5.5530404956243236e-09], [8.16885929822105e-09, 1.9978511429354904e-05, 1.9978511429294613e-05, 0.09761576740423983, -7.8741378414372e-11, 5.5491874283597425e-09, 5.5491874519139015e-09, 1.3599673503539893e-05], [2.9357247897953606e-05, 8.1700134908361e-09, 8.170013600323056e-09, -7.8741378414372e-11, 0.14340303035053995, 1.9978511429326783e-05, 1.9978511429321667e-05, 5.5530404845282375e-09], [8.168859299312782e-09, 1.9978511429337462e-05, -7.874139948062712e-11, 5.5491874283597425e-09, 1.9978511429326783e-05, 0.09761576740423983, 5.5491874298430676e-09, 1.359967350350619e-05], [8.168859297321248e-09, -7.874143073873822e-11, 1.997851142938318e-05, 5.5491874519139015e-09, 1.9978511429321667e-05, 5.5491874298430676e-09, 0.09761576740423984, 1.3599673503518443e-05], [9.407206591141286e-12, 5.553040473406018e-09, 5.5530404956243236e-09, 1.3599673503539893e-05, 5.5530404845282375e-09, 1.359967350350619e-05, 1.3599673503518443e-05, 0.06644762282549639]], [[0.1253656155868918, 1.7471497392317267e-05, 1.747149739231703e-05, 4.903075713913815e-09, 1.747149739231294e-05, 4.903075715109719e-09, 4.903075715055131e-09, -1.4894007482444057e-13, 1.7471497392318308e-05, 4.903075713157757e-09, 4.903075713936655e-09, -1.4894130245841954e-13, 4.90307571388462e-09, -1.48943243098484e-13, -1.4894070108506578e-13, 2.920836649300927e-12], [1.7471497392317267e-05, 0.08532389912345868, 4.909356475360592e-09, 1.1887162737764369e-05, 4.909356490608454e-09, 1.1887162737777745e-05, 5.270483220184369e-12, 3.3180109690236864e-09, 4.909356461296142e-09, 1.1887162737793058e-05, 5.2705050071474494e-12, 3.3180109757975333e-09, 5.270495449630428e-12, 3.31801095555671e-09, -1.4681998481480875e-12, 1.2455852607633386e-12], [1.747149739231703e-05, 4.909356475360592e-09, 0.08532389912345864, 1.1887162737781606e-05, 4.909356494228253e-09, 5.270490413277768e-12, 1.1887162737772727e-05, 3.3180109605956494e-09, 4.909356464606365e-09, 5.2705210715137345e-12, 1.1887162737786969e-05, 3.3180109699904247e-09, 5.270502264586637e-12, -1.4681914333376104e-12, 3.3180109564721966e-09, 1.245594303508149e-12], [4.903075713913815e-09, 1.1887162737764369e-05, 1.1887162737781606e-05, 0.05808052713581897, 5.270493692201182e-12, 3.328073249948736e-09, 3.3280732546688686e-09, 8.091267161961088e-06, 5.2705158337726e-12, 3.3280732361665452e-09, 3.328073254715668e-09, 8.091267161978132e-06, -2.0041746783796268e-11, 4.5632237733836275e-12, 4.563234997146415e-12, 2.2557474134751086e-09], [1.747149739231294e-05, 4.909356490608454e-09, 4.909356494228253e-09, 5.270493692201182e-12, 0.08532389912345865, 1.1887162737768729e-05, 1.1887162737762488e-05, 3.31801096583058e-09, 4.909356463448037e-09, 5.2705024811100456e-12, 5.2705008228843974e-12, -1.4682092160498472e-12, 1.1887162737789849e-05, 3.3180109560720377e-09, 3.3180109907394294e-09, 1.2456218898806747e-12], [4.903075715109719e-09, 1.1887162737777745e-05, 5.270490413277768e-12, 3.328073249948736e-09, 1.1887162737768729e-05, 0.058080527135819016, 3.3280732311294913e-09, 8.091267161957031e-06, 5.270515522070887e-12, 3.3280732254971052e-09, -2.0041740008311484e-11, 4.563238120063992e-12, 3.328073247865576e-09, 8.091267161985766e-06, 4.56322734620981e-12, 2.2557474162716727e-09], [4.903075715055131e-09, 5.270483220184369e-12, 1.1887162737772727e-05, 3.3280732546688686e-09, 1.1887162737762488e-05, 3.3280732311294913e-09, 0.05808052713581904, 8.09126716195962e-06, 5.2705291223882354e-12, -2.0041766530846274e-11, 3.328073238343976e-09, 4.5632173546744115e-12, 3.3280732405961044e-09, 4.56324075826707e-12, 8.091267161987051e-06, 2.2557474158208783e-09], [-1.4894007482444057e-13, 3.3180109690236864e-09, 3.3180109605956494e-09, 8.091267161961088e-06, 3.31801096583058e-09, 8.091267161957031e-06, 8.09126716195962e-06, 0.03953671379612055, -1.4681948992941288e-12, 4.563265128070231e-12, 4.563249781345989e-12, 2.2572135598880114e-09, 4.563225867601448e-12, 2.2572135388657496e-09, 2.2572135648047527e-09, 5.510712631792629e-06], [1.7471497392318308e-05, 4.909356461296142e-09, 4.909356464606365e-09, 5.2705158337726e-12, 4.909356463448037e-09, 5.270515522070887e-12, 5.2705291223882354e-12, -1.4681948992941288e-12, 0.08532389912345871, 1.188716273773592e-05, 1.1887162737753625e-05, 3.318010964059129e-09, 1.188716273776049e-05, 3.3180109781171074e-09, 3.3180109539515937e-09, 1.2455936165274962e-12], [4.903075713157757e-09, 1.1887162737793058e-05, 5.2705210715137345e-12, 3.3280732361665452e-09, 5.2705024811100456e-12, 3.3280732254971052e-09, -2.0041766530846274e-11, 4.563265128070231e-12, 1.188716273773592e-05, 0.05808052713581904, 3.32807325010291e-09, 8.091267161971449e-06, 3.328073226604884e-09, 8.091267161964058e-06, 4.563213814336845e-12, 2.2557474131918654e-09], [4.903075713936655e-09, 5.2705050071474494e-12, 1.1887162737786969e-05, 3.328073254715668e-09, 5.2705008228843974e-12, -2.0041740008311484e-11, 3.328073238343976e-09, 4.563249781345989e-12, 1.1887162737753625e-05, 3.32807325010291e-09, 0.05808052713581898, 8.091267161980492e-06, 3.3280732458502366e-09, 4.563204425803239e-12, 8.091267161972527e-06, 2.2557474128162444e-09], [-1.4894130245841954e-13, 3.3180109757975333e-09, 3.3180109699904247e-09, 8.091267161978132e-06, -1.4682092160498472e-12, 4.563238120063992e-12, 4.5632173546744115e-12, 2.2572135598880114e-09, 3.318010964059129e-09, 8.091267161971449e-06, 8.091267161980492e-06, 0.039536713796120504, 4.5632242223772745e-12, 2.257213574263258e-09, 2.257213562695212e-09, 5.510712631793029e-06], [4.90307571388462e-09, 5.270495449630428e-12, 5.270502264586637e-12, -2.0041746783796268e-11, 1.1887162737789849e-05, 3.328073247865576e-09, 3.3280732405961044e-09, 4.563225867601448e-12, 1.188716273776049e-05, 3.328073226604884e-09, 3.3280732458502366e-09, 4.5632242223772745e-12, 0.058080527135818995, 8.091267161986735e-06, 8.091267161969542e-06, 2.255747415160284e-09], [-1.48943243098484e-13, 3.31801095555671e-09, -1.4681914333376104e-12, 4.5632237733836275e-12, 3.3180109560720377e-09, 8.091267161985766e-06, 4.56324075826707e-12, 2.2572135388657496e-09, 3.3180109781171074e-09, 8.091267161964058e-06, 4.563204425803239e-12, 2.257213574263258e-09, 8.091267161986735e-06, 0.03953671379612055, 2.257213549216512e-09, 5.51071263179459e-06], [-1.4894070108506578e-13, -1.4681998481480875e-12, 3.3180109564721966e-09, 4.563234997146415e-12, 3.3180109907394294e-09, 4.56322734620981e-12, 8.091267161987051e-06, 2.2572135648047527e-09, 3.3180109539515937e-09, 4.563213814336845e-12, 8.091267161972527e-06, 2.257213562695212e-09, 8.091267161969542e-06, 2.257213549216512e-09, 0.039536713796120504, 5.5107126317977934e-06], [2.920836649300927e-12, 1.2455852607633386e-12, 1.245594303508149e-12, 2.2557474134751086e-09, 1.2456218898806747e-12, 2.2557474162716727e-09, 2.2557474158208783e-09, 5.510712631792629e-06, 1.2455936165274962e-12, 2.2557474131918654e-09, 2.2557474128162444e-09, 5.510712631793029e-06, 2.255747415160284e-09, 