{"r1": 0.9099999999999999, "r2": 0.9099999999999999, "theta": 0.1, "sequence": [[[0.9549205208598629, 0.0003966596301279681], [0.0003966596301279681, 0.04584384324498076]], [[0.9122763688810317, 0.00037926733982016195, 0.0003792673398202222, 3.1536463701335244e-07], [0.00037926733982016195, 0.04305975908827706, 3.215592835555545e-07, 1.8180046613733007e-05], [0.0003792673398202222, 3.215592835555545e-07, 0.043059759088277014, 1.818004661373828e-05], [3.1536463701335244e-07, 1.8180046613733007e-05, 1.818004661373828e-05, 0.001394484487910709]], [[0.8710398535447047, 0.00036215780952617455, 0.0003621578095261746, 3.0114301296629326e-07, 0.000362157809526169, 3.0114301296916237e-07, 3.0114301296702017e-07, 2.5044831085120666e-10], [0.00036215780952617455, 0.041034693731484925, 3.0121065379669565e-07, 1.7071507362466584e-05, 3.010470232714788e-07, 1.7071488146067445e-05, 1.9951801334381042e-10, 1.4195582820167131e-08], [0.0003621578095261746, 3.0121065379669565e-07, 0.04103469361102767, 1.7071461532581138e-05, 3.0116748013760496e-07, 2.4534780525325657e-10, 1.7071488145847833e-05, 1.4195582814763168e-08], [3.0114301296629326e-07, 1.7071507362466584e-05, 1.7071461532581138e-05, 0.0019099959823659868, 2.2613137268139682e-10, 4.0331295256296464e-08, 4.021271358735114e-08, 8.117335824453414e-07], [0.000362157809526169, 3.010470232714788e-07, 3.0116748013760496e-07, 2.2613137268139682e-10, 0.04103469377465813, 1.7071461532523557e-05, 1.7071507362556464e-05, 1.4195582806375172e-08], [3.0114301296916237e-07, 1.7071488146067445e-05, 2.4534780525325657e-10, 4.0331295256296464e-08, 1.7071461532523557e-05, 0.0019099958375561905, 4.035752070039636e-08, 8.117335824167821e-07], [3.0114301296702017e-07, 1.9951801334381042e-10, 1.7071488145847833e-05, 4.021271358735114e-08, 1.7071507362556464e-05, 4.035752070039636e-08, 0.0019099959561166187, 8.117335824030894e-07], [2.5044831085120666e-10, 1.4195582820167131e-08, 1.4195582814763168e-08, 8.117335824453414e-07, 1.4195582806375172e-08, 8.117335824167821e-07, 8.117335824030894e-07, 4.972081453961119e-05]], [[0.8318122782697488, 0.0003458475857946384, 0.0003458475857946384, 2.87593076635154e-07, 0.00034584758579463, 2.8759307663550885e-07, 2.8759307663459135e-07, 2.3911939897699473e-10, 0.00034584758579464124, 2.875930766345115e-07, 2.875930766355171e-07, 2.3911939893564185e-10, 2.875930766347991e-07, 2.3911939893914786e-10, 2.391193991081584e-10, 1.9846850862668153e-13], [0.0003458475857946384, 0.039187276592298675, 2.8763039732501295e-07, 1.6295661244473682e-05, 2.876303979252543e-07, 1.6295661244639545e-05, 2.2056741478649414e-10, 1.3550130747298299e-08, 2.876303976765165e-07, 1.629566124460089e-05, 2.2056743261450734e-10, 1.3550130637806096e-08, 2.2056753938210642e-10, 1.3550130629510235e-08, 3.579698868715954e-14, 1.1267145288450228e-11], [0.0003458475857946384, 2.8763039732501295e-07, 0.03918727659229922, 1.6295661244601777e-05, 2.8763039765960256e-07, 2.205673730008988e-10, 1.629566124460213e-05, 1.355013071518591e-08, 2.876303974799469e-07, 2.2056738284302274e-10, 1.6295661244606968e-05, 1.3550130682932183e-08, 2.2056746530620003e-10, 3.580366986774219e-14, 1.3550130697817258e-08, 1.1267131224608875e-11], [2.87593076635154e-07, 1.6295661244473682e-05, 1.6295661244601777e-05, 0.001840663631463501, 2.205675217264874e-10, 1.8100998743753797e-08, 1.8100998934978264e-08, 7.801232784373243e-07, 2.205674469226467e-10, 1.810099866316341e-08, 1.8100998742205163e-08, 7.801232784942888e-07, -2.6211525900799516e-11, 1.5011245231525562e-11, 1.5011218033525036e-11, 6.492073888275664e-10], [0.00034584758579463, 2.876303979252543e-07, 2.8763039765960256e-07, 2.205675217264874e-10, 0.03918727659229869, 1.6295661244557935e-05, 1.6295661244498073e-05, 1.3550130654007755e-08, 2.8763039747497563e-07, 2.2056751458608276e-10, 2.2056749693940097e-10, 3.5824606964684246e-14, 1.6295661244494726e-05, 1.3550130678886388e-08, 1.3550130682635063e-08, 1.126708976438578e-11], [2.8759307663550885e-07, 1.6295661244639545e-05, 2.205673730008988e-10, 1.8100998743753797e-08, 1.6295661244557935e-05, 0.0018406636314638512, 1.810099838241022e-08, 7.801232784737326e-07, 2.205674909067705e-10, 1.810099861871737e-08, -2.6211747348721843e-11, 1.5011166017140713e-11, 1.81009986547355e-08, 7.801232784304848e-07, 1.5011145521665418e-11, 6.492073889229478e-10], [2.8759307663459135e-07, 2.2056741478649414e-10, 1.629566124460213e-05, 1.8100998934978264e-08, 1.6295661244498073e-05, 1.810099838241022e-08, 0.0018406636314636598, 7.801232784161349e-07, 2.2056750119726535e-10, -2.6211790891514493e-11, 1.8100998645234128e-08, 1.5011172167934692e-11, 1.8100998362773346e-08, 1.5011160421998806e-11, 7.801232784560538e-07, 6.492073837027442e-10], [2.3911939897699473e-10, 1.3550130747298299e-08, 1.355013071518591e-08, 7.801232784373243e-07, 1.3550130654007755e-08, 7.801232784737326e-07, 7.801232784161349e-07, 5.27891882647767e-05, 3.5735984221675454e-14, 1.501116034839384e-11, 1.5011173129777e-11, 5.126453996419913e-10, 1.5011211883164277e-11, 5.126461249536357e-10, 5.126484966483327e-10, 2.4123777575876852e-08], [0.00034584758579464124, 2.876303976765165e-07, 2.876303974799469e-07, 2.205674469226467e-10, 2.8763039747497563e-07, 2.205674909067705e-10, 2.2056750119726535e-10, 3.5735984221675454e-14, 0.03918727659229895, 1.6295661244585135e-05, 1.6295661244504582e-05, 1.3550130707134386e-08, 1.6295661244561896e-05, 1.3550130740357456e-08, 1.3550130675161706e-08, 1.1267136463819123e-11], [2.875930766345115e-07, 1.629566124460089e-05, 2.2056738284302274e-10, 1.810099866316341e-08, 2.2056751458608276e-10, 1.810099861871737e-08, -2.6211790891514493e-11, 1.501116034839384e-11, 1.6295661244585135e-05, 0.0018406636314637877, 1.8100998497224656e-08, 7.801232784324272e-07, 1.8100998823336576e-08, 7.801232784617376e-07, 1.5011173712595897e-11, 6.492073939206162e-10], [2.875930766355171e-07, 2.2056743261450734e-10, 1.6295661244606968e-05, 1.8100998742205163e-08, 2.2056749693940097e-10, -2.6211747348721843e-11, 1.8100998645234128e-08, 1.5011173129777e-11, 1.6295661244504582e-05, 1.8100998497224656e-08, 0.0018406636314638196, 7.801232784224626e-07, 1.8100998618122863e-08, 1.5011194319776964e-11, 7.80123278445869e-07, 6.492073894424707e-10], [2.3911939893564185e-10, 1.3550130637806096e-08, 1.3550130682932183e-08, 7.801232784942888e-07, 3.5824606964684246e-14, 1.5011166017140713e-11, 1.5011172167934692e-11, 5.126453996419913e-10, 1.3550130707134386e-08, 7.801232784324272e-07, 7.801232784224626e-07, 5.278918826048984e-05, 1.501118620269583e-11, 5.12643738902981e-10, 5.126546782543621e-10, 2.4123777575056336e-08], [2.875930766347991e-07, 2.2056753938210642e-10, 2.2056746530620003e-10, -2.6211525900799516e-11, 1.6295661244494726e-05, 1.81009986547355e-08, 1.8100998362773346e-08, 1.5011211883164277e-11, 1.6295661244561896e-05, 1.8100998823336576e-08, 1.8100998618122863e-08, 1.501118620269583e-11, 0.0018406636314633174, 7.801232783915234e-07, 7.801232784271337e-07, 6.492073893221893e-10], [2.3911939893914786e-10, 1.3550130629510235e-08, 3.580366986774219e-14, 1.5011245231525562e-11, 1.3550130678886388e-08, 7.801232784304848e-07, 1.5011160421998806e-11, 5.126461249536357e-10, 1.3550130740357456e-08, 7.801232784617376e-07, 1.5011194319776964e-11, 5.12643738902981e-10, 7.801232783915234e-07, 5.278918826255357e-05, 5.126525366950171e-10, 2.4123777575395066e-08], [2.391193991081584e-10, 3.579698868715954e-14, 1.3550130697817258e-08, 1.5011218033525036e-11, 1.3550130682635063e-08, 1.5011145521665418e-11, 7.801232784560538e-07, 5.126484966483327e-10, 1.3550130675161706e-08, 1.5011173712595897e-11, 7.80123278445869e-07, 5.126546782543621e-10, 7.801232784271337e-07, 5.126525366950171e-10, 5.278918825010737e-05, 2.4123777579123533e-08], [1.9846850862668153e-13, 1.1267145288450228e-11, 1.1267131224608875e-11, 6.492073888275664e-10, 1.126708976438578e-11, 6.492073889229478e-10, 6.492073837027442e-10, 2.4123777575876852e-08, 1.1267136463819123e-11, 6.492073939206162e-10, 6.492073894424707e-10, 