{"r1": 0.9099999999999999, "r2": 0.9099999999999999, "theta": 134.275, "sequence": [[[0.09187018770748677, 0.06072130021536809], [0.06072130021536809, 0.04066446573838764]], [[0.016001068557310805, 0.017573314142914617, 0.01757331414291455, 0.00029186379592713297], [0.017573314142914617, 0.04277405397729271, -0.00032404569789518307, 4.963572790610982e-05], [0.01757331414291455, -0.00032404569789518307, 0.04277405397729279, 4.963572790614417e-05], [0.00029186379592713297, 4.963572790610982e-05, 4.963572790614417e-05, 0.001139794687111251]], [[0.0017342928431059736, 0.00243463305715973, 0.002434633057159674, 0.0009534461902166088, 0.0024346330571596428, 0.0009534461902166189, 0.0009534461902166036, -0.0008764341301817684], [0.00243463305715973, 0.006480590623939001, 0.002364854318299536, 0.0027361850462219654, 0.0023648542590642475, 0.0027361849217606166, -0.00012296414750986138, -0.0012681764549706605], [0.002434633057159674, 0.002364854318299536, 0.006480590678214419, 0.002736185195571978, 0.002364854204788804, -0.00012296429685999913, 0.002736184921760361, -0.0012681764549708435], [0.0009534461902166088, 0.0027361850462219654, 0.002736185195571978, 0.0015301762980081833, -0.00012296442132137228, -0.00017446558274437197, -0.00017446547756708468, -0.00010875170351449117], [0.0024346330571596428, 0.0023648542590642475, 0.002364854204788804, -0.00012296442132137228, 0.0064805907374495, 0.002736185195571947, 0.0027361850462219862, -0.0012681764549707683], [0.0009534461902166189, 0.0027361849217606166, -0.00012296429685999913, -0.00017446558274437197, 0.002736185195571947, 0.0015301762333829612, -0.00017446541294192813, -0.00010875170351439267], [0.0009534461902166036, -0.00012296414750986138, 0.002736184921760361, -0.00017446547756708468, 0.0027361850462219862, -0.00017446541294192813, 0.0015301761282057525, -0.00010875170351438888], [-0.0008764341301817684, -0.0012681764549706605, -0.0012681764549708435, -0.00010875170351449117, -0.0012681764549707683, -0.00010875170351439267, -0.00010875170351438888, 0.00010851276252475222]], [[0.00021854139765288094, 0.000351894738455468, 0.00035189473845548605, 0.00020142966683659198, 0.0003518947384554612, 0.0002014296668365942, 0.00020142966683657848, -3.265960848161111e-05, 0.0003518947384554703, 0.00020142966683658748, 0.0002014296668365762, -3.265960848160774e-05, 0.00020142966683658745, -3.265960848159705e-05, -3.2659608481619e-05, -0.00011638095709899005], [0.000351894738455468, 0.001345960012489438, 0.0004619392691163248, 0.0008949202230926178, 0.000461939269116589, 0.0008949202230926312, 2.9245913794794016e-05, 0.00013244779912314323, 0.000461939269116419, 0.0008949202230926223, 2.924591379495105e-05, 0.00013244779912306674, 2.9245913794829524e-05, 0.0001324477991229508, -0.00012541274121401975, -0.00038719677224572274], [0.00035189473845548605, 0.0004619392691163248, 0.0013459600124891577, 0.0008949202230928384, 0.0004619392691166123, 2.9245913794849707e-05, 0.000894920223092764, 0.00013244779912318375, 0.00046193926911627253, 2.924591379488361e-05, 0.0008949202230927057, 0.00013244779912318486, 2.924591379493867e-05, -0.000125412741213896, 0.0001324477991231646, -0.0003871967722457296], [0.00020142966683659198, 0.0008949202230926178, 0.0008949202230928384, 0.0017649280151075177, 2.924591379479225e-05, -3.4976272827765864e-05, -3.4976272827640124e-05, 4.2208483184330274e-05, 2.9245913794824533e-05, -3.4976272827792515e-05, -3.4976272827974234e-05, 4.220848318418626e-05, 6.601742891759851e-06, -3.828542058439624e-05, -3.828542058428709e-05, -8.895678707487215e-05], [0.0003518947384554612, 0.000461939269116589, 0.0004619392691166123, 2.924591379479225e-05, 0.001345960012488623, 0.0008949202230926898, 0.0008949202230927054, 0.00013244779912310948, 0.00046193926911677907, 2.924591379484345e-05, 2.9245913794762506e-05, -0.0001254127412140514, 0.00089492022309271, 0.00013244779912316125, 0.00013244779912312973, -0.0003871967722457621], [0.0002014296668365942, 0.0008949202230926312, 2.9245913794849707e-05, -3.4976272827765864e-05, 0.0008949202230926898, 0.00176492801510732, -3.497627282783196e-05, 4.220848318424702e-05, 2.9245913794957595e-05, -3.497627282730151e-05, 6.601742891774307e-06, -3.828542058431409e-05, -3.497627282795342e-05, 4.2208483184190765e-05, -3.828542058440805e-05, -8.895678707487158e-05], [0.00020142966683657848, 2.9245913794794016e-05, 0.000894920223092764, -3.4976272827640124e-05, 0.0008949202230927054, -3.497627282783196e-05, 0.0017649280151072887, 4.220848318413225e-05, 2.9245913794890002e-05, 6.601742891533811e-06, -3.4976272827431184e-05, -3.828542058425389e-05, -3.4976272827784357e-05, -3.8285420584395677e-05, 4.2208483184220004e-05, -8.89567870748997e-05], [-3.265960848161111e-05, 0.00013244779912314323, 0.00013244779912318375, 4.2208483184330274e-05, 0.00013244779912310948, 4.220848318424702e-05, 4.220848318413225e-05, 8.445944842742109e-05, -0.0001254127412140116, -3.8285420584334345e-05, -3.8285420584356855e-05, -1.6662455190097162e-06, -3.828542058436416e-05, -1.6662455193635947e-06, -1.6662455193984764e-06, -1.5751396558816785e-05], [0.0003518947384554703, 0.000461939269116419, 0.00046193926911627253, 2.9245913794824533e-05, 0.00046193926911677907, 2.9245913794957595e-05, 2.9245913794890002e-05, -0.0001254127412140116, 0.0013459600124890814, 0.0008949202230927236, 0.0008949202230926246, 0.00013244779912312637, 0.0008949202230926516, 0.00013244779912311062, 0.0001324477991230881, -0.0003871967722457588], [0.00020142966683658748, 0.0008949202230926223, 2.924591379488361e-05, -3.4976272827792515e-05, 2.924591379484345e-05, -3.497627282730151e-05, 6.601742891533811e-06, -3.8285420584334345e-05, 0.0008949202230927236, 0.001764928015107059, -3.4976272827696516e-05, 4.220848318418625e-05, -3.497627282755313e-05, 4.220848318420424e-05, -3.828542058431747e-05, -8.895678707487719e-05], [0.0002014296668365762, 2.924591379495105e-05, 0.0008949202230927057, -3.4976272827974234e-05, 2.9245913794762506e-05, 6.601742891774307e-06, -3.4976272827431184e-05, -3.8285420584356855e-05, 0.0008949202230926246, -3.4976272827696516e-05, 0.0017649280151071866, 4.2208483184132245e-05, -3.497627282776319e-05, -3.828542058427527e-05, 4.220848318422677e-05, -8.895678707490813e-05], [-3.265960848160774e-05, 0.00013244779912306674, 0.00013244779912318486, 4.220848318418626e-05, -0.0001254127412140514, -3.828542058431409e-05, -3.828542058425389e-05, -1.6662455190097162e-06, 0.00013244779912312637, 4.220848318418625e-05, 4.2208483184132245e-05, 8.445944842717922e-05, -3.8285420584320846e-05, -1.6662455191931257e-06, -1.6662455191886246e-06, -1.575139655887305e-05], [0.00020142966683658745, 2.9245913794829524e-05, 2.924591379493867e-05, 6.601742891759851e-06, 0.00089492022309271, -3.497627282795342e-05, -3.4976272827784357e-05, -3.828542058436416e-05, 0.0008949202230926516, -3.497627282755313e-05, -3.497627282776319e-05, -3.8285420584320846e-05, 0.001764928015107409, 4.220848318427628e-05, 4.22084831840985e-05, -8.895678707488676e-05], [-3.265960848159705e-05, 0.0001324477991229508, -0.000125412741213896, -3.828542058439624e-05, 0.00013244779912316125, 4.2208483184190765e-05, -3.8285420584395677e-05, -1.6662455193635947e-06, 0.00013244779912311062, 4.220848318420424e-05, -3.828542058427527e-05, -1.6662455191931257e-06, 4.220848318427628e-05, 8.445944842769478e-05, -1.6662455193776599e-06, -1.575139655888092e-05], [-3.2659608481619e-05, -0.00012541274121401975, 0.0001324477991231646, -3.828542058428709e-05, 0.00013244779912312973, -3.828542058440805e-05, 4.2208483184220004e-05, -1.6662455193984764e-06, 0.0001324477991230881, -3.828542058431747e-05, 4.220848318422677e-05, -1.6662455191886246e-06, 4.22084831840985e-05, -1.6662455193776599e-06, 8.44594484275802e-05, -1.5751396558910173e-05], [-0.00011638095709899005, -0.00038719677224572274, -0.0003871967722457296, -8.895678707487215e-05, -0.0003871967722457621, -8.895678707487158e-05, -8.89567870748997e-05, -1.5751396558816785e-05, -0.0003871967722457588, 