{"r1": 0.75, "r2": 0.75, "theta": 0.1, "sequence": [[[0.8754416071369077, 0.00032767325031003486], [0.00032767325031003486, 0.12447002568553518]], [[0.7663108849933183, 0.0002866221078644801, 0.00028662210786449207, 2.1443441907089047e-07], [0.0002866221078644801, 0.10942057415513284, 2.1419889712286972e-07, 4.0934019864945414e-05], [0.00028662210786449207, 2.1419889712286972e-07, 0.10942057415513252, 4.093401986499913e-05], [2.1443441907089047e-07, 4.0934019864945414e-05, 4.093401986499913e-05, 0.015606853987905154]], [[0.6702176384758473, 0.0002506114212858482, 0.0002506114212858524, 1.8750014512578564e-07, 0.0002506114212858519, 1.875001451257703e-07, 1.8750014512635807e-07, 1.4009776167756306e-10], [0.0002506114212858482, 0.09585835643939224, 1.8858804354977493e-07, 3.583392866564574e-05, 1.8858804343498823e-07, 3.58339286657712e-05, 6.070043241253137e-11, 2.677067895366223e-08], [0.0002506114212858524, 1.8858804354977493e-07, 0.09585835643939215, 3.583392866567624e-05, 1.8858804343534348e-07, 6.070022326683448e-11, 3.58339286656248e-05, 2.6770678845921215e-08], [1.8750014512578564e-07, 3.583392866564574e-05, 3.583392866567624e-05, 0.013733312858383435, 6.070040486675784e-11, 3.2254189539910205e-08, 3.225418944723352e-08, 5.42098549864895e-06], [0.0002506114212858519, 1.8858804343498823e-07, 1.8858804343534348e-07, 6.070040486675784e-11, 0.0958583564393923, 3.583392866569093e-05, 3.5833928665670616e-05, 2.6770678923620365e-08], [1.875001451257703e-07, 3.58339286657712e-05, 6.070022326683448e-11, 3.2254189539910205e-08, 3.583392866569093e-05, 0.01373331285838335, 3.22541898223399e-08, 5.420985498774603e-06], [1.8750014512635807e-07, 6.070043241253137e-11, 3.58339286656248e-05, 3.225418944723352e-08, 3.5833928665670616e-05, 3.22541898223399e-08, 0.013733312858383096, 5.420985498771097e-06], [1.4009776167756306e-10, 2.677067895366223e-08, 2.6770678845921215e-08, 5.42098549864895e-06, 2.6770678923620365e-08, 5.420985498774603e-06, 5.420985498771097e-06, 0.0013093984621292114]], [[0.5861890525819162, 0.00021923680761960255, 0.0002192368076196146, 1.6397910333884245e-07, 0.00021923680761961052, 1.6397910333797675e-07, 1.6397910333659926e-07, 1.1772538464571558e-10, 0.00021923680761961253, 1.6397910333837187e-07, 1.6397910333698554e-07, 1.177253865674181e-10, 1.639791033380885e-07, 1.1772538484436274e-10, 1.1772538472486203e-10, 4.122659403351951e-14], [0.00021923680761960255, 0.08373497082966336, 1.6396483870033486e-07, 3.131971247108093e-05, 1.6396483856757017e-07, 3.131971247103111e-05, 1.176605306307267e-10, 2.3429483307436136e-08, 1.6396483862073152e-07, 3.131971247101543e-05, 1.1766042553118317e-10, 2.3429483327815034e-08, 1.176604266141312e-10, 2.3429483348174686e-08, -3.2143661927353485e-12, 1.7520008249990637e-11], [0.0002192368076196146, 1.6396483870033486e-07, 0.0837349708296632, 3.131971247106637e-05, 1.6396483867382429e-07, 1.1766058886725019e-10, 3.1319712471051695e-05, 2.342948330450921e-08, 1.639648386078429e-07, 1.1766054896003517e-10, 3.1319712471030235e-05, 2.3429483328831e-08, 1.176605284549048e-10, -3.2143644002979585e-12, 2.3429483344942246e-08, 1.751998698064141e-11], [1.6397910333884245e-07, 3.131971247108093e-05, 3.131971247106637e-05, 0.011955628787775383, 1.176605137305438e-10, 2.3437217404597546e-08, 2.3437217512417806e-08, 4.460307801904535e-06, 1.1766041761666044e-10, 2.3437217543490028e-08, 2.3437217394746526e-08, 4.460307801909713e-06, 8.44012595896841e-12, 2.8795462526821636e-11, 2.879542726510581e-11, 3.3310388953173853e-09], [0.00021923680761961052, 1.6396483856757017e-07, 1.6396483867382429e-07, 1.176605137305438e-10, 0.08373497082966322, 3.131971247094854e-05, 3.131971247097514e-05, 2.342948335211267e-08, 1.6396483868790703e-07, 1.1766056179001667e-10, 1.176605934924318e-10, -3.2143698226503636e-12, 3.131971247100413e-05, 2.3429483315915307e-08, 2.342948332387032e-08, 1.7519960439272058e-11], [1.6397910333797675e-07, 3.131971247103111e-05, 1.1766058886725019e-10, 2.3437217404597546e-08, 3.131971247094854e-05, 0.011955628787775487, 2.343721736180636e-08, 4.460307801877241e-06, 1.1766048584394979e-10, 2.343721738846375e-08, 8.440334766415575e-12, 2.8795461584455655e-11, 2.3437217381348103e-08, 4.460307801878966e-06, 2.879546258283139e-11, 3.331038897165126e-09], [1.6397910333659926e-07, 1.176605306307267e-10, 3.1319712471051695e-05, 2.3437217512417806e-08, 3.131971247097514e-05, 2.343721736180636e-08, 0.011955628787775325, 4.460307801855641e-06, 1.176605476588167e-10, 8.440183864018771e-12, 2.343721738473472e-08, 2.879548178595676e-11, 2.3437217576390978e-08, 2.8795454611911533e-11, 4.460307801907108e-06, 3.331038896373206e-09], [1.1772538464571558e-10, 2.3429483307436136e-08, 2.342948330450921e-08, 4.460307801904535e-06, 2.342948335211267e-08, 4.460307801877241e-06, 4.460307801855641e-06, 0.0017334301842590115, -3.2143466984466086e-12, 2.8795491887681893e-11, 2.879545595032816e-11, 2.5591140685578503e-09, 2.8795457765896625e-11, 2.5591139855459468e-09, 2.5591140162163774e-09, 6.858640473193664e-07], [0.00021923680761961253, 1.6396483862073152e-07, 1.639648386078429e-07, 1.1766041761666044e-10, 1.6396483868790703e-07, 1.1766048584394979e-10, 1.176605476588167e-10, -3.2143466984466086e-12, 0.08373497082966326, 3.1319712470939386e-05, 3.13197124710478e-05, 2.3429483329062013e-08, 3.131971247112787e-05, 2.3429483319411726e-08, 2.342948331900743e-08, 1.7519992963807495e-11], [1.6397910333837187e-07, 3.131971247101543e-05, 1.1766054896003517e-10, 2.3437217543490028e-08, 1.1766056179001667e-10, 2.343721738846375e-08, 8.440183864018771e-12, 2.8795491887681893e-11, 3.1319712470939386e-05, 0.011955628787775383, 2.343721736645699e-08, 4.460307801869648e-06, 2.3437217506463717e-08, 4.460307801888065e-06, 2.8795445654236596e-11, 3.3310388933486553e-09], [1.6397910333698554e-07, 1.1766042553118317e-10, 3.1319712471030235e-05, 2.3437217394746526e-08, 1.176605934924318e-10, 8.440334766415575e-12, 2.343721738473472e-08, 2.879545595032816e-11, 3.13197124710478e-05, 2.343721736645699e-08, 0.01195562878777548, 4.460307801858308e-06, 2.343721740147626e-08, 2.8795466676594198e-11, 4.460307801909994e-06, 3.3310388928330158e-09], [1.177253865674181e-10, 2.3429483327815034e-08, 2.3429483328831e-08, 4.460307801909713e-06, -3.2143698226503636e-12, 2.8795461584455655e-11, 2.879548178595676e-11, 2.5591140685578503e-09, 2.3429483329062013e-08, 4.460307801869648e-06, 4.460307801858308e-06, 0.0017334301842588402, 2.8795454059879068e-11, 2.559114057449291e-09, 2.5591139765321295e-09, 6.858640473163465e-07], [1.639791033380885e-07, 1.176604266141312e-10, 1.176605284549048e-10, 8.44012595896841e-12, 3.131971247100413e-05, 2.3437217381348103e-08, 2.3437217576390978e-08, 2.8795457765896625e-11, 3.131971247112787e-05, 2.3437217506463717e-08, 2.343721740147626e-08, 2.8795454059879068e-11, 0.011955628787775315, 4.46030780189925e-06, 4.460307801907767e-06, 3.3310388946093386e-09], [1.1772538484436274e-10, 2.3429483348174686e-08, -3.2143644002979585e-12, 2.8795462526821636e-11, 2.3429483315915307e-08, 4.460307801878966e-06, 2.8795454611911533e-11, 2.5591139855459468e-09, 2.3429483319411726e-08, 4.460307801888065e-06, 2.8795466676594198e-11, 2.559114057449291e-09, 4.46030780189925e-06, 0.001733430184258784, 2.559114145275243e-09, 6.858640473191273e-07], [1.1772538472486203e-10, -3.2143661927353485e-12, 2.3429483344942246e-08, 2.879542726510581e-11, 2.342948332387032e-08, 2.879546258283139e-11, 4.460307801907108e-06, 2.5591140162163774e-09, 2.342948331900743e-08, 2.8795445654236596e-11, 4.460307801909994e-06, 2.5591139765321295e-09, 4.460307801907767e-06, 2.559114145275243e-09, 0.001733430184258892, 6.858640473191546e-07], [4.122659403351951e-14, 1.7520008249990637e-11, 1.751998698064141e-11, 3.3310388953173853e-09, 1.7519960439272058e-11, 3.331038897165126e-09, 3.331038896373206e-09, 6.858640473193664e-07, 1.7519992963807495e-11, 3.3310388933486553e-09, 3.3310388928330158e-09, 6.858640473163465e-07, 3.3310388946093386e-09, 6.858640473191273e-07, 