{"r1": 0.5099999999999999, "r2": 0.5099999999999999, "theta": 134.275, "sequence": [[[0.30346313413135534, 0.0912854695866527], [0.0912854695866527, 0.22648292522782804]], [[0.10157477291858613, 0.049604760532496295, 0.049604760538541154, 0.0038012498269905624], [0.049604760532496295, 0.17972235205016235, -0.005243717106245401, -0.00037555689840067485], [0.049604760538541154, -0.005243717106245401, 0.17972235210867743, -0.0003755569170273817], [0.0038012498269905624, -0.00037555689840067485, -0.0003755569170273817, 0.06006023193978381]], [[0.032948257932437934, 0.01708419278425166, 0.01708419278425164, 0.0059505608673730715, 0.01708419278425164, 0.005950560867373051, 0.005950560867373072, -0.00048808103009033405], [0.01708419278425166, 0.06067922058093334, 0.004613462343304687, 0.014744190440472902, 0.0046134623433046395, 0.014744190440472872, -0.0021431786689028033, -0.0022144089383725786], [0.01708419278425164, 0.004613462343304687, 0.06067922058093332, 0.014744190440472925, 0.0046134623433044825, -0.0021431786689027647, 0.014744190440472926, -0.0022144089383726033], [0.0059505608673730715, 0.014744190440472902, 0.014744190440472925, 0.03897115008704837, -0.0021431786689028037, -0.0028536430640716663, -0.002853643064071597, 0.0009101043929480162], [0.01708419278425164, 0.0046134623433046395, 0.0046134623433044825, -0.0021431786689028037, 0.06067922058093342, 0.014744190440472853, 0.01474419044047297, -0.0022144089383725565], [0.005950560867373051, 0.014744190440472872, -0.0021431786689027647, -0.0028536430640716663, 0.014744190440472853, 0.03897115008704838, -0.002853643064071597, 0.0009101043929481188], [0.005950560867373072, -0.0021431786689028033, 0.014744190440472926, -0.002853643064071597, 0.01474419044047297, -0.002853643064071597, 0.03897115008704844, 0.0009101043929481142], [-0.00048808103009033405, -0.0022144089383725786, -0.0022144089383726033, 0.0009101043929480162, -0.0022144089383725565, 0.0009101043929481188, 0.0009101043929481142, 0.014614616307032504]], [[0.010668927400030481, 0.005842469387619355, 0.005842469387619365, 0.0027005445576184866, 0.005842469387619352, 0.0027005445576185052, 0.002700544557618495, 0.0005524115921769834, 0.00584246938761935, 0.002700544557618496, 0.0027005445576184996, 0.0005524115921769848, 0.00270054455761848, 0.0005524115921769846, 0.0005524115921769864, -0.00025064296510157296], [0.005842469387619355, 0.02125493833681161, 0.0024588978732190455, 0.008980355618772038, 0.0024588978734865295, 0.00898035562005609, -0.000194273956664193, 0.000408244944488161, 0.0024588978734443327, 0.008980355619865783, -0.00019427395688274772, 0.0004082449446182874, -0.0001942739555783373, 0.00040824494379425877, -0.00029535096339424876, -0.0005055514968077055], [0.005842469387619365, 0.0024588978732190455, 0.021254938336830155, 0.008980355618853958, 0.002458897873475758, -0.0001942739567131989, 0.00898035562009633, 0.00040824494446482383, 0.0024588978734365343, -0.00019427395691563027, 0.008980355619919651, 0.0004082449445855368, -0.00019427395567248154, -0.0002953509633382017, 0.0004082449437942787, -0.0005055514968077], [0.0027005445576184866, 0.008980355618772038, 0.008980355618853958, 0.03218861231347467, -0.00019427395543704685, -0.0010560615871120314, -0.0010560615867084514, -9.253957761159156e-05, -0.000194273955810034, -0.0010560615889104415, -0.0010560615885206923, -9.25395764622789e-05, -8.675150187414211e-05, -2.4784361577203107e-05, -2.478436182974959e-05, 0.0001257144553613888], [0.005842469387619352, 0.0024588978734865295, 0.002458897873475758, -0.00019427395543704685, 0.021254938336776732, 0.008980355619895249, 0.00898035561985405, 0.00040824494380423837, 0.0024588978732222673, -0.00019427395664460374, -0.0001942739567062864, -0.00029535096350163123, 0.0089803556186073, 0.0004082449445855441, 0.00040824494461829335, -0.0005055514968077187], [0.0027005445576185052, 0.00898035562005609, -0.0001942739567131989, -0.0010560615871120314, 0.008980355619895249, 0.03218861232469771, -0.0010560615877769765, -9.253958084426414e-05, -0.00019427395685891593, -0.0010560615877034207, -8.67515131591246e-05, -2.4784358368966205e-05, -0.001056061588595653, -9.253958039539279e-05, -2.4784357873266007e-05, 0.00012571445536153843], [0.002700544557618495, -0.000194273956664193, 0.00898035562009633, -0.0010560615867084514, 0.00898035561985405, -0.0010560615877769765, 0.03218861232476018, -9.253958099268352e-05, -0.00019427395690708256, -8.675151308781865e-05, -0.0010560615877796954, -2.478435849574291e-05, -0.0010560615890574685, -2.478435774887081e-05, -9.253958024407087e-05, 0.000125714455361466], [0.0005524115921769834, 0.000408244944488161, 0.00040824494446482383, -9.253957761159156e-05, 0.00040824494380423837, -9.253958084426414e-05, -9.253958099268352e-05, 0.011112486988883362, -0.00029535096325076485, -2.478435781907708e-05, -2.4784357896272018e-05, -3.8089727213318767e-06, -2.4784361058139707e-05, -3.8089706858580725e-06, -3.8089706143183774e-06, 6.859247275820561e-06], [0.00584246938761935, 0.0024588978734443327, 0.0024588978734365343, -0.000194273955810034, 0.0024588978732222673, -0.00019427395685891593, -0.00019427395690708256, -0.00029535096325076485, 0.021254938336858327, 0.0089803556200736, 0.008980355620048673, 0.0004082449438042211, 0.008980355619022393, 0.00040824494446484524, 0.00040824494448812686, -0.0005055514968076949], [0.002700544557618496, 0.008980355619865783, -0.00019427395691563027, -0.0010560615889104415, -0.00019427395664460374, -0.0010560615877034207, -8.675151308781865e-05, -2.478435781907708e-05, 0.0089803556200736, 0.03218861232465358, -0.0010560615880093299, -9.253958018385668e-05, -0.00105606158659263, -9.253958101907561e-05, -2.4784358459489537e-05, 0.00012571445536148137], [0.0027005445576184996, -0.00019427395688274772, 0.008980355619919651, -0.0010560615885206923, -0.0001942739567062864, -8.67515131591246e-05, -0.0010560615877796954, -2.4784357896272018e-05, 0.008980355620048673, -0.0010560615880093299, 0.03218861232486179, -9.253958037409752e-05, -0.0010560615870422424, -2.4784358293758176e-05, -9.253958091786506e-05, 0.00012571445536156255], [0.0005524115921769848, 0.0004082449446182874, 0.0004082449445855368, -9.25395764622789e-05, -0.00029535096350163123, -2.4784358368966205e-05, -2.478435849574291e-05, -3.8089727213318767e-06, 0.0004082449438042211, -9.253958018385668e-05, -9.253958037409752e-05, 0.011112486988109963, -2.4784362337178573e-05, -3.80897031397697e-06, -3.8089702127224067e-06, 6.859247275804373e-06], [0.00270054455761848, -0.0001942739555783373, -0.00019427395567248154, -8.675150187414211e-05, 0.0089803556186073, -0.001056061588595653, -0.0010560615890574685, -2.4784361058139707e-05, 0.008980355619022393, -0.00105606158659263, -0.0010560615870422424, -2.4784362337178573e-05, 0.032188612313510986, -9.253957718778737e-05, -9.253957689763642e-05, 0.00012571445536136298], [0.0005524115921769846, 0.00040824494379425877, -0.0002953509633382017, -2.4784361577203107e-05, 0.0004082449445855441, -9.253958039539279e-05, -2.478435774887081e-05, -3.8089706858580725e-06, 0.00040824494446484524, -9.253958101907561e-05, -2.4784358293758176e-05, -3.80897031397697e-06, -9.253957718778737e-05, 0.011112486988613786, -3.808972752081504e-06, 6.8592472758053614e-06], [0.0005524115921769864, -0.00029535096339424876, 0.0004082449437942787, -2.478436182974959e-05, 0.00040824494461829335, -2.4784357873266007e-05, -9.253958024407087e-05, -3.8089706143183774e-06, 0.00040824494448812686, -2.4784358459489537e-05, -9.253958091786506e-05, -3.8089702127224067e-06, -9.253957689763642e-05, -3.808972752081504e-06, 0.011112486988440964, 6.859247275808915e-06], [-0.00025064296510157296, -0.0005055514968077055, -0.0005055514968077, 0.0001257144553613888, -0.0005055514968077187, 0.00012571445536153843, 0.000125714455361466, 6.859247275820561e-06, -0.0005055514968076949, 0.00012571445536148137, 0.00012571445536156255, 6.859247275804373e-06, 0.00012571445536136298, 6.8592472758053614e-06, 6.859247275808915e-06, 