{"r1": 0.18999999999999995, "r2": 0.18999999999999995, "theta": 179.0, "sequence": [[[0.4050039435181568, 0.0008290044528307523], [0.0008290044528307523, 0.404989474293641]], [[0.16397603065323996, 0.0006717386712955523, 0.0006717386712111633, -2.1149286337767117e-06], [0.0006717386712955523, 0.2409890105571545, -2.376248121461412e-06, -4.065478966190392e-07], [0.0006717386712111633, -2.376248121461412e-06, 0.24098901053326874, -4.065477723879232e-07], [-2.1149286337767117e-06, -4.065478966190392e-07, -4.065477723879232e-07, 0.1639643129261683]], [[0.06672669999886569, 0.0002702633176393219, 0.00027026331758867137, 2.808197084154132e-07, 0.000270263317485039, 2.8081970887443134e-07, 2.808197090953057e-07, -6.393923629386704e-09], [0.0002702633176393219, 0.09750273300264219, 2.479042770579976e-07, 0.0001997547230362568, 2.4789847860680247e-07, 0.00019975472210561896, -6.827463689442616e-09, -8.327142517092764e-07], [0.00027026331758867137, 2.479042770579976e-07, 0.09750273299643104, 0.00019975472293671086, 2.47893958375236e-07, -6.8273172481427156e-09, 0.00019975472215244525, -8.327142518900723e-07], [2.808197084154132e-07, 0.0001997547230362568, 0.00019975472293671086, 0.09749813296040867, -6.82824953178775e-09, -8.657571353497676e-07, -8.65786168800786e-07, 1.663708544650045e-06], [0.000270263317485039, 2.4789847860680247e-07, 2.47893958375236e-07, -6.82824953178775e-09, 0.09750273298026392, 0.00019975472303414797, 0.00019975472318053595, -8.327142523157966e-07], [2.8081970887443134e-07, 0.00019975472210561896, -6.8273172481427156e-09, -8.657571353497676e-07, 0.00019975472303414797, 0.09749813274133175, -8.655667209011608e-07, 1.6637085429530672e-06], [2.808197090953057e-07, -6.827463689442616e-09, 0.00019975472215244525, -8.65786168800786e-07, 0.00019975472318053595, -8.655667209011608e-07, 0.09749813277035703, 1.6637085429636346e-06], [-6.393923629386704e-09, -8.327142517092764e-07, -8.327142518900723e-07, 1.663708544650045e-06, -8.327142523157966e-07, 1.6637085429530672e-06, 1.6637085429636346e-06, 0.06671958122783818]], [[0.027000327203462026, 0.00011007260229892976, 0.00011007260229896609, 4.5033915651160965e-07, 0.00011007260229901006, 4.5033915541391276e-07, 4.5033915670141184e-07, -3.6491784165697325e-09, 0.00011007260229910397, 4.5033915612341043e-07, 4.503391561785267e-07, -3.649178417540569e-09, 4.503391564485187e-07, -3.6491784132452894e-09, -3.6491784202160203e-09, 1.3273217487376906e-11], [0.00011007260229892976, 0.03953686699359761, 4.495126802264382e-07, 0.00016178893932413188, 4.49512681044045e-07, 0.00016178893862850365, -4.2242345738410085e-09, -5.086723311586753e-07, 4.4951268753644355e-07, 0.00016178893864779323, -4.224449715381205e-09, -5.086723301529736e-07, -4.224335565198781e-09, -5.086723271414193e-07, 1.939235664663784e-11, 1.3088217637921142e-09], [0.00011007260229896609, 4.495126802264382e-07, 0.03953686699360813, 0.0001617889391168219, 4.4951268501791216e-07, -4.224381443127033e-09, 0.00016178893891651157, -5.086723308317619e-07, 4.4951269360126023e-07, -4.224095580882746e-09, 0.00016178893902127735, -5.086723328623027e-07, -4.22461730973961e-09, 1.9392726052448415e-11, -5.086723291096894e-07, 1.3088217704936608e-09], [4.5033915651160965e-07, 0.00016178893932413188, 0.0001617889391168219, 0.058068274524959176, -4.224640637928113e-09, -5.715637703087727e-07, -5.715797741464071e-07, 4.9709460139468534e-08, -4.22446655481705e-09, -5.715258177909283e-07, -5.715684602978416e-07, 4.9709204327752475e-08, 1.4029973295974083e-11, 1.8169333019096904e-09, 1.8172378361587595e-09, 4.27755933073916e-09], [0.00011007260229901006, 4.49512681044045e-07, 4.4951268501791216e-07, -4.224640637928113e-09, 0.03953686699361439, 0.00016178893908157151, 0.00016178893906416533, -5.086723300688288e-07, 4.495126962089197e-07, -4.2243826511104675e-09, -4.2245057946886785e-09, 1.9394993810815365e-11, 0.00016178893910944405, -5.086723316362453e-07, -5.08672330909663e-07, 1.3088217441914693e-09], [4.5033915541391276e-07, 0.00016178893862850365, -4.224381443127033e-09, -5.715637703087727e-07, 0.00016178893908157151, 0.05806827442253456, -5.715229486675954e-07, 4.970969692249521e-08, -4.224615878745372e-09, -5.716202003129899e-07, 3.053472522833939e-11, 1.8173377244327288e-09, -5.715328249565424e-07, 4.9710041213076276e-08, 1.8166720485735474e-09, 4.2775569621267214e-09], [4.5033915670141184e-07, -4.2242345738410085e-09, 0.00016178893891651157, -5.715797741464071e-07, 0.00016178893906416533, -5.715229486675954e-07, 0.05806827445360898, 4.970961866683022e-08, -4.224304892153422e-09, 8.808913299498097e-11, -5.715537758914212e-07, 1.8167770565602202e-09, -5.715688175396314e-07, 1.816560081124427e-09, 4.970972184265836e-08, 4.277559740684906e-09], [-3.6491784165697325e-09, -5.086723311586753e-07, -5.086723308317619e-07, 4.9709460139468534e-08, -5.086723300688288e-07, 4.970969692249521e-08, 4.970961866683022e-08, 0.039533596076091755, 1.9394249604772426e-11, 1.8168417873796112e-09, 1.817017151966632e-09, 3.487085261915101e-09, 1.8169959148425877e-09, 3.4870831627578275e-09, 3.4870834552978385e-09, 6.593809373596846e-07], [0.00011007260229910397, 4.4951268753644355e-07, 4.4951269360126023e-07, -4.22446655481705e-09, 4.495126962089197e-07, -4.224615878745372e-09, -4.224304892153422e-09, 1.9394249604772426e-11, 0.03953686699362858, 0.00016178893894473802, 0.00016178893907970408, -5.086723303378125e-07, 0.00016178893914168107, -5.086723298757883e-07, -5.08672332209466e-07, 1.3088217695324604e-09], [4.5033915612341043e-07, 0.00016178893864779323, -4.224095580882746e-09, -5.715258177909283e-07, -4.2243826511104675e-09, -5.716202003129899e-07, 8.808913299498097e-11, 1.8168417873796112e-09, 0.00016178893894473802, 0.05806827439004475, -5.71537567064789e-07, 4.970974446163042e-08, -5.715244053970779e-07, 4.9710166196994466e-08, 1.816405383562069e-09, 4.277558494290968e-09], [4.503391561785267e-07, -4.224449715381205e-09, 0.00016178893902127735, -5.715684602978416e-07, -4.2245057946886785e-09, 3.053472522833939e-11, -5.715537758914212e-07, 1.817017151966632e-09, 0.00016178893907970408, -5.71537567064789e-07, 0.05806827447193977, 4.970954066208344e-08, -5.715681120316516e-07, 1.8169311838224433e-09, 4.9709623014810095e-08, 4.277558613079066e-09], [-3.649178417540569e-09, -5.086723301529736e-07, -5.086723328623027e-07, 4.9709204327752475e-08, 1.9394993810815365e-11, 1.8173377244327288e-09, 1.8167770565602202e-09, 3.487085261915101e-09, -5.086723303378125e-07, 4.970974446163042e-08, 4.970954066208344e-08, 0.039533596076094725, 1.8169485395330492e-09, 3.4870813222766715e-09, 3.487086201646876e-09, 6.5938093736015e-07], [4.503391564485187e-07, -4.224335565198781e-09, -4.22461730973961e-09, 1.4029973295974083e-11, 0.00016178893910944405, -5.715328249565424e-07, -5.715688175396314e-07, 1.8169959148425877e-09, 0.00016178893914168107, -5.715244053970779e-07, -5.715681120316516e-07, 1.8169485395330492e-09, 0.05806827447630615, 4.970926458282192e-08, 4.970967844375492e-08, 4.277559195921786e-09], [-3.6491784132452894e-09, -5.086723271414193e-07, 1.9392726052448415e-11, 1.8169333019096904e-09, -5.086723316362453e-07, 4.9710041213076276e-08, 1.816560081124427e-09, 3.4870831627578275e-09, -5.086723298757883e-07, 4.9710166196994466e-08, 1.8169311838224433e-09, 3.4870813222766715e-09, 4.970926458282192e-08, 0.039533596076087675, 3.4870878452756997e-09, 6.593809373731665e-07], [-3.6491784202160203e-09, 1.939235664663784e-11, -5.086723291096894e-07, 1.8172378361587595e-09, -5.08672330909663e-07, 1.8166720485735474e-09, 4.970972184265836e-08, 3.4870834552978385e-09, -5.08672332209466e-07, 1.816405383562069e-09, 4.9709623014810095e-08, 3.487086201646876e-09, 4.970967844375492e-08, 3.4870878452756997e-09, 0.03953359607609148, 6.593809373491917e-07], [1.3273217487376906e-11, 1.3088217637921142e-09, 1.3088217704936608e-09, 4.27755933073916e-09, 1.3088217441914693e-09, 4.2775569621267214e-09, 4.277559740684906e-09, 6.593809373596846e-07, 1.3088217695324604e-09, 4.277558494290968e-09, 